Driver,Event,PredictedCategory,TrueCategory,Bad at both_probability,Good at both_probability,Good in corners_probability,Good in straights_probability
RUS,Azerbaijan Grand Prix,Good in straights,Good in straights,9.704773701257538e-05,0.0033039267993901617,0.0005972436244460589,0.9960017818391512
SAI,Azerbaijan Grand Prix,Good at both,Good at both,0.00015715477141006487,0.9303304954854279,0.06806870372994848,0.0014436460132133842
STR,Azerbaijan Grand Prix,Bad at both,Bad at both,0.8037889632613996,0.019576270220258846,0.11899108213925035,0.05764368437909148
COL,Azerbaijan Grand Prix,Good in corners,Good in corners,0.0059668747224810225,4.365601852470506e-06,0.9940272929064471,1.4667692193866054e-06
VER,Azerbaijan Grand Prix,Good in straights,Good in straights,5.87098785673095e-09,8.982467495351247e-09,2.979112287077371e-09,0.9999999821674324
RUS,Azerbaijan Grand Prix,Good in straights,Good in straights,0.02457199899825583,0.0008116486777449369,0.0004155115380481004,0.974200840785951
LEC,Azerbaijan Grand Prix,Good at both,Good at both,0.007443718904833556,0.9302918407806583,0.029914426131709835,0.03235001418279824
SAI,Azerbaijan Grand Prix,Good in straights,Good in straights,0.0012770197642308955,0.01945682906879515,0.0008594668987168104,0.9784066842682566
LAW,Azerbaijan Grand Prix,Good in corners,Good in corners,1.9672767306954727e-10,3.5277692480329536e-10,0.9999998052735305,1.9417696496948917e-07
HAD,Azerbaijan Grand Prix,Good in corners,Good in corners,0.001904183624584647,0.09437821811818499,0.9017389565493703,0.0019786417078600806
LEC,Azerbaijan Grand Prix,Good in corners,Good in corners,1.8723643461780895e-05,0.001879950285483631,0.9979381284231091,0.00016319764794517908
HAD,Azerbaijan Grand Prix,Good in corners,Bad at both,0.44004142676311686,0.00043134418532717755,0.5590807504412941,0.0004464786102619894
OCO,Azerbaijan Grand Prix,Good in straights,Bad at both,0.4361266033043929,0.0005890865242983805,0.0010730907737729956,0.5622112193975357
VER,Azerbaijan Grand Prix,Good in corners,Good in corners,0.289092363100791,4.36044830354043e-05,0.7105455465324209,0.00031848588375285803
STR,Azerbaijan Grand Prix,Good in straights,Good in straights,0.04986619936012052,0.009393948828014628,0.0024172881750857255,0.9383225636367795
VER,Azerbaijan Grand Prix,Good in corners,Good in corners,9.388922866970952e-06,0.003564608974961577,0.9963421507812551,8.38513209161191e-05
TSU,Azerbaijan Grand Prix,Good in corners,Good in corners,0.17221193975176013,0.027469439703832713,0.779229228259708,0.0210893922846994
VER,Azerbaijan Grand Prix,Bad at both,Bad at both,0.7850308003156797,0.0003574693547072162,0.2145534990514305,5.8231278182591585e-05
VER,Azerbaijan Grand Prix,Good at both,Good at both,1.1882855118553809e-06,0.9984669787658407,0.0012811732245054878,0.00025065972414190933
BOR,Azerbaijan Grand Prix,Good at both,Good at both,0.00016524440754681096,0.6647426632265083,0.3346502432220604,0.00044184914388453847
COL,Azerbaijan Grand Prix,Bad at both,Bad at both,0.9441438469108242,2.0353956030330693e-05,0.055831758855760326,4.040277385139329e-06
RUS,Azerbaijan Grand Prix,Good at both,Good at both,0.005283414725541891,0.5314964070040817,0.004957257326547641,0.45826292094382876
STR,Azerbaijan Grand Prix,Good at both,Good at both,0.01412383562954333,0.9080967522376407,0.01636188127653704,0.061417530856278595
RUS,Azerbaijan Grand Prix,Good at both,Good at both,2.618777701555159e-09,0.9999320109811706,1.323241069906316e-05,5.475398935237541e-05
HUL,Azerbaijan Grand Prix,Good in corners,Good in corners,0.026975858247552376,0.00013258491400809202,0.9728741396900364,1.7417148403295145e-05
RUS,Azerbaijan Grand Prix,Good in straights,Good in straights,0.00026870788566891454,0.0023460553906262294,0.00028672288171993995,0.997098513841985
HAM,Azerbaijan Grand Prix,Good at both,Good at both,1.9047881931247122e-10,0.9999777761939938,5.452786584106587e-06,1.6770828943333697e-05
VER,Azerbaijan Grand Prix,Good in corners,Good in corners,0.1946778754857666,0.00028459640671699496,0.8047324363439179,0.0003050917635986482
GAS,Azerbaijan Grand Prix,Bad at both,Bad at both,0.9968307178131424,4.4788910852146155e-05,1.3826069917273171e-05,0.003110667206088225
COL,Azerbaijan Grand Prix,Bad at both,Bad at both,0.9358784921905356,0.002251098267633235,0.023707804985738472,0.038162604556092244
COL,Azerbaijan Grand Prix,Bad at both,Bad at both,0.9968927691497304,4.635352009029826e-05,0.0029923108844460175,6.85664457335013e-05
HUL,Azerbaijan Grand Prix,Good in corners,Good in corners,0.003455993123252525,0.007260204784570169,0.9887138664264217,0.0005699356657554689
TSU,Azerbaijan Grand Prix,Good at both,Good at both,0.0013647156530742436,0.9937128436646487,0.002555974384015636,0.0023664662982615303
BOR,Azerbaijan Grand Prix,Bad at both,Bad at both,0.9999429629109837,3.4452244123263095e-08,5.1651030585681606e-08,5.695098574156371e-05
TSU,Azerbaijan Grand Prix,Good at both,Good at both,0.004753731402440128,0.9417558204000008,0.040911491914742026,0.012578956282817166
LAW,Azerbaijan Grand Prix,Good in corners,Good in corners,0.04254947153828134,0.0028742496986649086,0.9523668031029291,0.0022094756601246514
STR,Azerbaijan Grand Prix,Bad at both,Bad at both,0.9779474528131722,0.000602102144554747,0.0005115685434771014,0.020938876498795944
STR,Azerbaijan Grand Prix,Bad at both,Bad at both,0.7425126166026054,0.04277857893431778,0.0428867144291344,0.1718220900339424
BEA,Azerbaijan Grand Prix,Good in straights,Good in straights,1.3681977002673446e-12,1.4595668676059668e-12,5.160504144806258e-13,0.9999999999966562
HAM,Azerbaijan Grand Prix,Good at both,Good at both,3.1311984742324517e-11,0.9999913807046865,4.134204511491295e-06,4.48505949005172e-06
RUS,Azerbaijan Grand Prix,Good in straights,Good in straights,0.0006055076484588631,0.001805897870539883,0.0009371658469378223,0.9966514286340635
HAD,Azerbaijan Grand Prix,Good in corners,Good in corners,0.2953561567554781,0.00019809715380761923,0.7042845013510188,0.00016124473969530515
COL,Azerbaijan Grand Prix,Bad at both,Bad at both,0.9999541191382763,9.178751507331333e-07,4.02108946817142e-05,4.75209189126303e-06
RUS,Azerbaijan Grand Prix,Good in corners,Good in corners,0.041836728070474026,0.24581486613839199,0.687897183806745,0.024451221984389076
BEA,Azerbaijan Grand Prix,Good at both,Good at both,0.008031679308896747,0.8920947441589436,0.019967399137218973,0.07990617739494069
LAW,Azerbaijan Grand Prix,Good in corners,Good in corners,1.8690745464705174e-09,1.0275884319006218e-09,0.999999673957343,3.2314599391060235e-07
STR,Azerbaijan Grand Prix,Good in corners,Good in corners,0.009751977575403406,0.02836560316358088,0.9596109599341113,0.002271459326904373
TSU,Azerbaijan Grand Prix,Good in corners,Good in corners,0.020042946264686667,0.2415743505835779,0.7219204786050887,0.01646222454664695
LAW,Azerbaijan Grand Prix,Bad at both,Bad at both,0.9251602562216865,0.0007754337962353392,0.07196780112074162,0.002096508861336552
VER,Azerbaijan Grand Prix,Bad at both,Bad at both,0.8140784331448612,0.0011902097313613645,0.18090230546473632,0.003829051659041227
BEA,Azerbaijan Grand Prix,Bad at both,Bad at both,0.7127153814898366,0.014938310366113526,0.25249638554007936,0.019849922603970584
LEC,Azerbaijan Grand Prix,Bad at both,Good in straights,0.2520573398989272,0.2969815834169377,0.21257326499757123,0.23838781168656423
HAD,Azerbaijan Grand Prix,Good in corners,Good in corners,0.17830822975578972,0.00034522697435861367,0.8210885994835438,0.00025794378630787526
HUL,Azerbaijan Grand Prix,Bad at both,Bad at both,0.9999990662271402,3.3335005148378406e-08,5.000176007781304e-08,8.504360947614722e-07
BOR,Azerbaijan Grand Prix,Bad at both,Bad at both,0.5340314228378955,0.009624462990961985,0.4466164493506361,0.009727664820506588
LAW,Azerbaijan Grand Prix,Bad at both,Bad at both,0.9439079971750849,0.005012174756502109,0.04292174857964319,0.00815807948876983
NOR,Azerbaijan Grand Prix,Good at both,Good at both,1.6902416560121563e-07,0.9994085558997063,4.548790884713846e-05,0.000545787167280946
RUS,Azerbaijan Grand Prix,Bad at both,Bad at both,0.6154842176568311,0.001624874432682937,0.0008666092908606169,0.3820242986196256
HUL,Azerbaijan Grand Prix,Good at both,Good at both,0.008181732777497182,0.9265220074511427,0.012410653791344225,0.05288560598001594
SAI,Azerbaijan Grand Prix,Bad at both,Bad at both,0.5658792169771361,0.07895656676981336,0.09648033332958707,0.25868388292346334
STR,Azerbaijan Grand Prix,Bad at both,Good in straights,0.5288777858628357,0.008289797870372075,0.004440808810050193,0.4583916074567418
VER,Azerbaijan Grand Prix,Good at both,Good at both,3.236721312427746e-07,0.9991633421456732,0.0008298839359031168,6.4502462924323285e-06
VER,Azerbaijan Grand Prix,Bad at both,Good in corners,0.5973240467894405,0.0004018263554321939,0.400833319937717,0.0014408069174104427
ALO,Azerbaijan Grand Prix,Good in straights,Good in straights,8.382024994046279e-06,0.0037146119904619143,6.296327174256564e-05,0.9962140427128016
LAW,Azerbaijan Grand Prix,Bad at both,Bad at both,0.8084585037748593,0.00016158955780009893,0.19135372595457487,2.6180712765713903e-05
VER,Azerbaijan Grand Prix,Good at both,Good in corners,0.0001548758209099628,0.6730650647883132,0.32653075070398524,0.00024930868679176214
NOR,Azerbaijan Grand Prix,Good at both,Good in corners,0.010710242918179083,0.5281466144647202,0.44944799908582905,0.011695143531271475
ALO,Azerbaijan Grand Prix,Good in straights,Good in straights,0.007959041227831705,0.00045428879484450555,0.00012453142766401018,0.99146213854966
OCO,Azerbaijan Grand Prix,Good in straights,Good in straights,1.0770681045457142e-10,7.923156510106586e-11,3.579863839313562e-11,0.9999999997772631
GAS,Azerbaijan Grand Prix,Good in straights,Good in straights,0.012872650752182942,0.0006858821285271351,0.00015372574069230915,0.9862877413785975
BEA,Azerbaijan Grand Prix,Bad at both,Bad at both,0.9999992750470384,3.3334475894692356e-08,5.000115581645076e-08,6.416173299452445e-07
HAM,Azerbaijan Grand Prix,Good at both,Good at both,7.975023998653645e-10,0.9999583364634222,3.858869541556277e-05,3.0740436598142043e-06
SAI,Azerbaijan Grand Prix,Good in corners,Good at both,0.03187680643036276,0.4047596572250164,0.518581455177102,0.044782081167519076
ALO,Azerbaijan Grand Prix,Good in straights,Good in straights,0.0027378813319024675,1.0959800166484746e-05,1.085383208140613e-05,0.9972403050358496
ANT,Azerbaijan Grand Prix,Good at both,Good at both,1.2129506519809231e-06,0.9983826701778536,1.599846811590323e-06,0.0016145170246825843
HUL,Azerbaijan Grand Prix,Good in straights,Good in straights,1.4458622774639326e-05,0.00395278334575114,9.236913728777931e-05,0.9959403888941866
HUL,Azerbaijan Grand Prix,Good in corners,Bad at both,0.41058728806452444,0.06654587312900158,0.49562820279358927,0.027238636012884825
TSU,Azerbaijan Grand Prix,Good in straights,Good in straights,0.25821968925989863,0.004767559174913515,0.00413640043554832,0.7328763511296399
BOR,Azerbaijan Grand Prix,Bad at both,Bad at both,0.9559074592113643,0.0003755554008526817,0.000878540531258589,0.04283844485652436
STR,Azerbaijan Grand Prix,Good at both,Good at both,0.0024825648694546706,0.9615228815658765,0.012173295191481824,0.023821258373186945
SAI,Azerbaijan Grand Prix,Good at both,Good at both,0.005994147323999427,0.9278070196349212,0.018805768323241677,0.047393064717837816
VER,Azerbaijan Grand Prix,Good in corners,Good in corners,0.014782096256409605,0.0016987943451628308,0.9827799830723793,0.0007391263260483723
RUS,Azerbaijan Grand Prix,Good at both,Good at both,1.3194420131684068e-12,0.9999982646585006,1.0496445088988841e-07,1.630375729075489e-06
ALB,Azerbaijan Grand Prix,Good at both,Good at both,3.5260392439687034e-05,0.9911517018470927,0.00017300840886530635,0.008640029351602336
HAD,Azerbaijan Grand Prix,Good in corners,Good in corners,2.1195451637529792e-07,1.297781576386619e-07,0.999958818127404,4.0840139922017036e-05
BEA,Azerbaijan Grand Prix,Good at both,Good at both,0.00023026577756873003,0.749732426563361,0.0010429177410284283,0.2489943899180417
BOR,Azerbaijan Grand Prix,Good in straights,Good in straights,0.06820250611100699,0.000253635347762795,0.00040063919049308,0.9311432193507373
ALO,Azerbaijan Grand Prix,Good in straights,Good in straights,0.0016291167986935977,0.0029522112673235766,0.001407840676878424,0.9940108312571042
TSU,Azerbaijan Grand Prix,Good at both,Good at both,0.00031916175383835593,0.9728998231981859,0.026538140235394428,0.00024287481258138048
TSU,Azerbaijan Grand Prix,Good at both,Good at both,1.751270980683343e-05,0.9938742383030746,0.005821155254412267,0.00028709373270619106
RUS,Azerbaijan Grand Prix,Good in straights,Good at both,0.10062891946077979,0.3289298096443897,0.0430775597117467,0.5273637111830841
NOR,Azerbaijan Grand Prix,Good in straights,Good in straights,0.34299678811226786,0.017451402866907936,0.016161480137606488,0.623390328883218
STR,Azerbaijan Grand Prix,Good in straights,Good in straights,0.002106017192626173,0.0028409493963447597,0.00371128700498233,0.9913417464060468
LAW,Azerbaijan Grand Prix,Good in corners,Good in corners,1.605727980876238e-06,1.2662850443049683e-06,0.9998419830039832,0.00015514498299156132
COL,Azerbaijan Grand Prix,Good in corners,Good in corners,9.112963449566716e-09,7.884137315666662e-09,0.9999910801994671,8.902803432122087e-06
ANT,Azerbaijan Grand Prix,Good in straights,Good in straights,9.94873942324389e-07,1.7762173626563107e-06,6.310095985974798e-07,0.9999965978990965
STR,Azerbaijan Grand Prix,Good in straights,Good in straights,0.019126005171734368,0.021288293974728735,0.022753569145283654,0.9368321317082535
SAI,Azerbaijan Grand Prix,Bad at both,Bad at both,0.999450254780356,1.3416164409250115e-07,0.0005495589365050962,5.212149492222129e-08
LEC,Azerbaijan Grand Prix,Good at both,Good at both,1.3739537870224752e-06,0.998303367187199,8.725118560085162e-06,0.0016865337404536164
GAS,Azerbaijan Grand Prix,Good in straights,Good in straights,0.0831924482620602,0.004156079912900759,0.0009450133135374021,0.9117064585115018
SAI,Azerbaijan Grand Prix,Good in straights,Good in straights,0.19941270435175865,0.2966892860741331,0.1285919985311371,0.3753060110429711
ALO,Azerbaijan Grand Prix,Good at both,Good at both,0.00011598995209484707,0.8694200593228537,4.625306734019373e-05,0.1304176976577115
ALO,Azerbaijan Grand Prix,Good in straights,Bad at both,0.39959872818596814,0.10843697970068981,0.06138975813442782,0.4305745339789143
VER,Azerbaijan Grand Prix,Good in corners,Good in corners,0.0879226485418088,0.01591049807608573,0.8890316903753918,0.007135163006713434
BOR,Azerbaijan Grand Prix,Bad at both,Bad at both,0.9208984195880103,0.003721332408765789,0.06825342909356819,0.007126818909655767
ALO,Azerbaijan Grand Prix,Bad at both,Bad at both,0.8589282718286865,0.0006999208952721618,0.0007333819560365223,0.13963842532000498
VER,Italian Grand Prix,Bad at both,Bad at both,0.996083929357255,0.0006329348894903516,0.0031898116064059748,9.332414684874917e-05
LEC,Italian Grand Prix,Good in straights,Good in straights,2.1016503840286085e-05,0.006499786276851573,2.4628671347853285e-05,0.9934545685479604
RUS,Italian Grand Prix,Bad at both,Bad at both,0.9999879648400365,2.9239914151591983e-07,6.162836411961043e-08,1.1681132457898506e-05
LEC,Italian Grand Prix,Bad at both,Bad at both,0.4794868441241269,0.17522329627157868,0.08780486473581474,0.25748499486847976
ALB,Italian Grand Prix,Good in straights,Good in straights,0.0164629210965815,0.00046826439863647775,0.003329602645157271,0.9797392118596249
RUS,Italian Grand Prix,Good in straights,Good in straights,0.025272098659380605,0.0372635553719275,0.0294014193271513,0.9080629266415408
VER,Italian Grand Prix,Good in straights,Good in straights,3.504178001888267e-08,3.3500406303029815e-08,1.2522855192670942e-08,0.9999999189349585
BOR,Italian Grand Prix,Good in straights,Good in straights,3.6267774397598446e-06,0.001997772578200986,1.725286628876594e-05,0.9979813477780707
BOR,Italian Grand Prix,Good at both,Good at both,0.0008283752572436715,0.7884871140017485,0.0001332148902408867,0.210551295850767
STR,Italian Grand Prix,Good at both,Good at both,0.003064648181350933,0.6039373836854421,0.37958029967064355,0.013417668462563202
HAD,Italian Grand Prix,Bad at both,Bad at both,0.999732725760957,5.350110049398958e-05,6.162222309934113e-05,0.00015215091544969355
TSU,Italian Grand Prix,Good at both,Good at both,0.02487284431941662,0.9079067477228696,0.023404890255698165,0.04381551770201576
TSU,Italian Grand Prix,Good in straights,Good in straights,0.11932201708227679,0.011596092131108309,0.02156572775633636,0.8475161630302784
BEA,Italian Grand Prix,Good in straights,Good in straights,3.6829575697768444e-07,3.0681772739199505e-07,1.2554760095105234e-07,0.9999991993389147
ANT,Italian Grand Prix,Good in corners,Bad at both,0.4988085971499728,6.637491070425429e-05,0.5010911095060926,3.3918433230119066e-05
BOR,Italian Grand Prix,Good in straights,Good in straights,0.27379341782825467,0.07662980200527908,0.1320290965767419,0.5175476835897247
LEC,Italian Grand Prix,Good at both,Good at both,1.2046222497799837e-05,0.9964465351370128,0.00266255343890108,0.0008788652015881763
BEA,Italian Grand Prix,Good in straights,Good in straights,7.9478438321306e-12,9.796367237187927e-12,3.2956600264750974e-12,0.9999999999789602
COL,Italian Grand Prix,Good in corners,Good in corners,0.0020262833754426807,0.001275027878708409,0.9960971923442304,0.0006014964016185642
RUS,Italian Grand Prix,Bad at both,Bad at both,0.9994832214231734,8.136946835915857e-07,1.9325022511014066e-07,0.0005157716319179808
GAS,Italian Grand Prix,Good in corners,Good in corners,0.0014729158283204062,0.005359552278197022,0.9915729795897276,0.0015945523037548782
VER,Italian Grand Prix,Bad at both,Bad at both,0.884181810048881,0.0016830359395221342,0.0004687747266583961,0.1136663792849386
RUS,Italian Grand Prix,Bad at both,Bad at both,0.9862242015775624,0.0004535212542861301,0.00012035014135695321,0.013201927026794694
BOR,Italian Grand Prix,Good in straights,Good in straights,0.0002126117865934356,0.021634909871396116,2.1851603705837144e-06,0.97815029318164
ALB,Italian Grand Prix,Good at both,Good at both,0.004655071758683876,0.8828088492503232,0.0017566174451254983,0.11077946154586749
BOR,Italian Grand Prix,Good at both,Good at both,0.08411150512340232,0.48376440208480664,0.08556761522912117,0.34655647756266994
COL,Italian Grand Prix,Bad at both,Bad at both,0.8044238825384115,0.0012902669138980794,0.19391128372335448,0.000374566824335851
ANT,Italian Grand Prix,Good in straights,Good in straights,0.27628119685769276,0.04124725581367935,0.08577839105217368,0.5966931562764544
PIA,Italian Grand Prix,Bad at both,Bad at both,0.9673592799983567,0.001625010595713167,0.028748435486530097,0.0022672739193999934
COL,Italian Grand Prix,Bad at both,Bad at both,0.9999610956830066,9.74475596898784e-07,6.135826914555234e-08,3.786848312738482e-05
HAM,Italian Grand Prix,Good at both,Good at both,0.032045642729418844,0.6666263896500868,0.0635350986626695,0.23779286895782475
NOR,Italian Grand Prix,Good in straights,Good in straights,0.005455413585215356,0.1179529860040249,0.004425332046676151,0.8721662683640836
HAM,Italian Grand Prix,Good at both,Good at both,0.0038290422019802315,0.9825325659243341,0.002580227274361874,0.011058164599323963
TSU,Italian Grand Prix,Good at both,Good at both,1.811564571587197e-06,0.9983305655447497,0.0010098246512908323,0.0006577982393879084
VER,Italian Grand Prix,Bad at both,Bad at both,0.9999783700851904,3.450968257409821e-06,1.5754779692492365e-05,2.4241668596895917e-06
GAS,Italian Grand Prix,Bad at both,Bad at both,0.8313710002854071,0.00036085392961836407,0.16813605287371264,0.0001320929112619582
HAM,Italian Grand Prix,Good at both,Good at both,0.0020840272595776385,0.9795547498414369,0.010033906919331186,0.008327315979654472
STR,Italian Grand Prix,Good in corners,Good in corners,0.004004261507324572,0.07137835483773264,0.9196346642155745,0.004982719439367893
NOR,Italian Grand Prix,Good in straights,Good in straights,0.005083351398980241,0.025699569599573,0.005282776939284851,0.9639343020621617
HAM,Italian Grand Prix,Good at both,Good at both,1.670767810610837e-06,0.9981050155918879,7.692939649942211e-06,0.0018856207006515547
LEC,Italian Grand Prix,Good in corners,Good in corners,0.006251106963784376,0.24645066641679156,0.724295944023701,0.023002282595722925
SAI,Italian Grand Prix,Good in corners,Good in corners,0.0005767380692662379,0.035305779961245454,0.9639061700060524,0.00021131196343585044
GAS,Italian Grand Prix,Good in corners,Good in corners,0.009698118600342129,0.14216411028970374,0.8428694832455718,0.005268287864382086
VER,Italian Grand Prix,Good in straights,Good in straights,2.954905557334083e-09,1.8003294634822707e-09,9.781356384311474e-10,0.9999999942666293
RUS,Italian Grand Prix,Bad at both,Bad at both,0.9966104284143696,8.700675783107574e-05,0.003284892086034487,1.7672741764722727e-05
BOR,Italian Grand Prix,Good at both,Good at both,5.56232096327399e-08,0.9996545060833985,1.0955569272482968e-07,0.0003453287376991933
RUS,Italian Grand Prix,Good at both,Good at both,0.02656755194913337,0.8150961117747331,0.0892065827857132,0.06912975349042037
SAI,Italian Grand Prix,Good at both,Good at both,0.0282184238606988,0.6411527362048083,0.03166045306329421,0.2989683868711984
COL,Italian Grand Prix,Good in corners,Good in corners,2.6917237779135416e-08,1.5537564063921166e-08,0.9999860439963512,1.3913548846930398e-05
STR,Italian Grand Prix,Good in straights,Good in straights,0.09476807353398328,0.00688023803154161,0.009074328512655973,0.8892773599218191
PIA,Italian Grand Prix,Good in straights,Good in straights,0.025547133003537052,0.02982497786829342,0.013340363591073906,0.9312875255370958
PIA,Italian Grand Prix,Bad at both,Bad at both,0.7771023408397135,0.0007173280755411002,0.221904674636747,0.00027565644799836333
COL,Italian Grand Prix,Good in corners,Good in corners,1.4854752144531836e-09,1.3505108182989025e-09,0.9999930663576458,6.930806368007997e-06
BOR,Italian Grand Prix,Good in straights,Good in straights,4.402391321527319e-06,0.002947120890303276,2.573300236014717e-06,0.9970459034181395
PIA,Italian Grand Prix,Good in corners,Good in corners,1.6464472713664403e-08,1.1545496979639154e-08,0.9999654721944321,3.44997955981603e-05
COL,Italian Grand Prix,Bad at both,Bad at both,0.9998509324591995,5.06008148790686e-07,6.6863921055415e-08,0.00014849466873057256
PIA,Italian Grand Prix,Bad at both,Bad at both,0.9112127214015918,0.00014376165207600344,1.181862936901875e-05,0.08863169831696305
VER,Italian Grand Prix,Good in straights,Bad at both,0.46655660769649576,0.03560126287326799,0.0607038063172748,0.4371383231129614
HAM,Italian Grand Prix,Good at both,Good at both,0.0008358636194717169,0.931486611264743,0.00033900301046300773,0.06733852210532218
ALB,Italian Grand Prix,Good at both,Good at both,0.0004981296000288283,0.9671434923081614,0.02723277803068047,0.005125600061129165
RUS,Italian Grand Prix,Bad at both,Bad at both,0.9486053107002953,0.00905800870031343,0.028729071865034702,0.013607608734356805
VER,Italian Grand Prix,Bad at both,Bad at both,0.9903458655938856,0.0009593955106410234,0.0010233015868142963,0.007671437308659172
COL,Italian Grand Prix,Good in corners,Good in corners,0.005933020202379237,0.45131755703962984,0.5362999308781974,0.006449491879793536
ANT,Italian Grand Prix,Good at both,Good at both,0.010348689074953284,0.7481748840861225,0.2360745559721619,0.005401870866762464
TSU,Italian Grand Prix,Good in straights,Good in straights,0.0016257890410847021,0.07263985162764466,0.003069148083648745,0.922665211247622
VER,Italian Grand Prix,Good in straights,Good in straights,0.040238714471951306,1.2687749718430196e-05,5.63201420362952e-05,0.9596922776362938
VER,Italian Grand Prix,Bad at both,Bad at both,0.9976581672144964,8.283454278351757e-05,0.002143856060652207,0.00011514218206805616
BEA,Italian Grand Prix,Good at both,Good at both,8.913186249279065e-06,0.9953036559759094,0.0006770664848386906,0.00401036435300257
LEC,Italian Grand Prix,Good in straights,Good in straights,2.869257044171386e-12,5.128632472797073e-12,1.7970840718902957e-12,0.9999999999902051
HAD,Italian Grand Prix,Good at both,Good at both,1.1085511949832452e-06,0.9984734018205921,1.8372105170204434e-05,0.0015071175230428398
PIA,Italian Grand Prix,Good in straights,Good in straights,3.749071200616118e-07,6.533304154791453e-07,2.250530028727881e-07,0.9999987467094615
BOR,Italian Grand Prix,Good at both,Good at both,0.008438575772958184,0.8322104343214103,0.006432547131127096,0.15291844277450453
HAD,Italian Grand Prix,Good at both,Good at both,0.0030043646109936912,0.8357404126134345,0.1539218617067957,0.007333361068776246
NOR,Italian Grand Prix,Bad at both,Bad at both,0.9827288877531407,0.0008256534058375353,0.015960136785418844,0.00048532205560292374
LAW,Italian Grand Prix,Good in corners,Good in corners,6.659342809770061e-06,0.003545245684856574,0.9963997619780348,4.8332994299155133e-05
OCO,Italian Grand Prix,Good in corners,Good in corners,8.695368650863707e-05,0.0013419720922533223,0.9978819821498601,0.0006890920713779619
PIA,Italian Grand Prix,Bad at both,Bad at both,0.9793399999665333,0.00028838853632184446,0.00020977644672562468,0.0201618350504191
HAM,Italian Grand Prix,Good in straights,Good in straights,0.1868463777002679,0.1957161626935661,0.11558507047813915,0.5018523891280268
STR,Italian Grand Prix,Good in straights,Good in straights,0.019062951618964583,0.006129506471210083,0.021593476434503215,0.9532140654753222
HAM,Italian Grand Prix,Good in straights,Good in straights,0.0001846757272640779,0.0030095815615393184,0.0003722118024218973,0.9964335309087746
RUS,Italian Grand Prix,Bad at both,Bad at both,0.9999899754300108,3.341991585202154e-07,9.567976169272568e-06,1.2239466149865853e-07
PIA,Italian Grand Prix,Good in corners,Good in corners,3.241285684553576e-10,2.234757212229646e-10,0.9999963211517406,3.678300655190309e-06
COL,Italian Grand Prix,Good in corners,Good in corners,1.4691303285480002e-06,1.914531822672986e-06,0.9997331028860014,0.0002635134518475204
ANT,Italian Grand Prix,Good in corners,Good in corners,0.04539372966401941,0.021040850055165324,0.9189813104301312,0.014584109850683818
HAD,Italian Grand Prix,Good at both,Good at both,7.397590622629995e-07,0.9992900865074533,0.000494085033246903,0.00021508870023749253
PIA,Italian Grand Prix,Good in corners,Good in corners,5.07196931799914e-07,3.567714815805385e-07,0.9998784621010903,0.00012067393049630167
LAW,Italian Grand Prix,Good at both,Good at both,6.995704406994476e-06,0.9961752219694442,4.0686560898351294e-05,0.0037770957652505342
GAS,Italian Grand Prix,Good in corners,Good in corners,0.45332987574191846,0.015460757543647244,0.5282472389948378,0.002962127719596498
LAW,Italian Grand Prix,Good in corners,Good in corners,0.018809522171773632,0.21182829877105203,0.7609089640911493,0.008453214966025035
BEA,Italian Grand Prix,Good at both,Good at both,0.014039205600227927,0.5765619288096228,0.3948256174916392,0.014573248098510282
TSU,Italian Grand Prix,Good in corners,Good in corners,0.009299375120815512,0.01894071019964788,0.9697397098035855,0.002020204875951418
COL,Italian Grand Prix,Bad at both,Bad at both,0.9999233820738175,1.0396504511888014e-05,1.8936528812770977e-07,6.60320563824552e-05
ALB,Italian Grand Prix,Bad at both,Good in corners,0.25150946342686376,0.1714008742492978,0.419446575919708,0.15764308640413022
TSU,Italian Grand Prix,Good in corners,Good in corners,0.08883931825538344,0.006344673060569674,0.9008415140778762,0.003974494606170727
COL,Italian Grand Prix,Good in corners,Good in corners,1.6547696032107621e-10,2.1682116995968792e-10,0.9999981369851915,1.8626325104164234e-06
HAM,Italian Grand Prix,Good at both,Good at both,0.0010614756191397704,0.7655060990295295,0.2274498744957244,0.005982550855606454
HAD,Italian Grand Prix,Good at both,Good at both,0.0024759469712064006,0.8489060362557154,0.13471129817009606,0.013906718602982015
PIA,Italian Grand Prix,Bad at both,Bad at both,0.9999992540747411,3.334306095143814e-08,5.330544058220037e-08,6.592767573932511e-07
TSU,Italian Grand Prix,Good at both,Good at both,0.10164294391835409,0.5188890811590917,0.21116933897635398,0.1682986359462003
TSU,Italian Grand Prix,Bad at both,Bad at both,0.3386972038693707,0.23078984798322727,0.14890970917013208,0.28160323897726997
STR,Italian Grand Prix,Good in corners,Good in corners,0.007456566353072592,0.27900066125833645,0.6821483080763557,0.03139446431223516
VER,Italian Grand Prix,Good in corners,Good in corners,5.657119749934243e-07,8.104283270227458e-07,0.999908103179418,9.052068027993722e-05
BOR,Italian Grand Prix,Good at both,Good at both,0.00877579403741703,0.8207586652403293,0.1623869486922663,0.008078592029987432
VER,Italian Grand Prix,Bad at both,Bad at both,0.999356483446379,3.1601867923646835e-06,0.0006398443781923449,5.119886363461409e-07
RUS,Italian Grand Prix,Good in corners,Good in corners,0.1662775885437112,0.23153072385913578,0.42784379673351264,0.17434789086364091
PIA,Italian Grand Prix,Good in straights,Good in straights,0.02015760808405116,0.4406197714594296,0.025794038662533162,0.5134285817939859
STR,Italian Grand Prix,Good in straights,Good in straights,0.1622717587007776,0.003063329963101964,0.0015595569420607475,0.8331053543940597
LEC,Italian Grand Prix,Good in straights,Good at both,0.014127122638086484,0.43337958154062556,0.04352889735284636,0.5089643984684415
LEC,Italian Grand Prix,Good at both,Good at both,1.582518013284348e-07,0.9994219442021569,0.0002185787913360566,0.00035931875470565297
COL,Italian Grand Prix,Good in corners,Good in corners,3.772885909787243e-07,2.506765717755545e-07,0.9998745756696646,0.00012479636517239811
BOR,Italian Grand Prix,Good in straights,Good in straights,6.774829549212048e-05,0.0119325748319794,5.252824416244746e-07,0.987999151590087
COL,Italian Grand Prix,Bad at both,Bad at both,0.9999933416346202,2.3059487643612584e-07,6.377766089503081e-06,5.000441377053807e-08
GAS,Italian Grand Prix,Good in corners,Good in corners,1.273478631956703e-06,0.0015541241951165603,0.9984261919253936,1.841040085784422e-05
PIA,Singapore Grand Prix,Good in straights,Good in straights,0.20800799552324958,0.0032211635278477655,0.00168836246690545,0.7870824784819972
NOR,Singapore Grand Prix,Good in corners,Good in corners,1.0749350882048526e-10,1.9207124015470018e-10,0.9999989034557606,1.096244674679783e-06
VER,Singapore Grand Prix,Good in corners,Good in corners,0.00039587854110602073,0.01821126053658507,0.9790837934633118,0.0023090674589971625
VER,Singapore Grand Prix,Bad at both,Bad at both,0.9924485659461354,2.906035996571619e-05,0.007516285110284749,6.088583614200359e-06
RUS,Singapore Grand Prix,Good in straights,Good in straights,7.159722120599803e-07,3.9893332014741747e-07,2.395322413253275e-07,0.9999986455622264
LEC,Singapore Grand Prix,Good in straights,Good in straights,2.830941198486704e-05,0.007625664646560789,2.418726096171444e-07,0.9923457840688448
STR,Singapore Grand Prix,Good in corners,Good in corners,0.035726249780822734,0.0024438868289311183,0.9612680421376427,0.0005618212526035339
HUL,Singapore Grand Prix,Good in straights,Good in straights,0.0018501054889146571,0.01592023769872708,0.003085972062022973,0.9791436847503352
SAI,Singapore Grand Prix,Bad at both,Bad at both,0.9691233634382443,0.0004529834787975118,0.002221383508971386,0.02820226957398663
LEC,Singapore Grand Prix,Good at both,Good at both,7.582804849548967e-09,0.9999802426918736,7.0690499259303684e-06,1.2680675395803421e-05
STR,Singapore Grand Prix,Good in corners,Good in corners,0.31486892174117914,0.0042630406817918435,0.66996319204319,0.010904845533838928
VER,Singapore Grand Prix,Good at both,Good at both,0.0044311455559265574,0.9910743797248956,0.003922066400937402,0.0005724083182404747
BOR,Singapore Grand Prix,Good in straights,Good in straights,0.11398563117204014,0.009062300601683511,0.010978130484861681,0.8659739377414148
BOR,Singapore Grand Prix,Good in straights,Bad at both,0.41180625975221224,4.7115977924880186e-05,1.3137284199087918e-05,0.5881334869856638
PIA,Singapore Grand Prix,Bad at both,Bad at both,0.8096291578123334,0.02493552804011943,0.07203559528943344,0.09339971885811373
COL,Singapore Grand Prix,Good at both,Good in straights,0.016824485541440757,0.6740526093624131,0.0037118379496351916,0.3054110671465109
ALO,Singapore Grand Prix,Good in corners,Good in corners,0.05159667009429813,0.10865496898557861,0.8213066590464173,0.018441701873706036
GAS,Singapore Grand Prix,Good in corners,Good in corners,0.0002902797599247259,0.22575943373684176,0.773715844844168,0.00023444165906529998
ALO,Singapore Grand Prix,Good in corners,Good in corners,0.08590768290560431,0.023191020431896463,0.8764049715991191,0.014496325063380038
PIA,Singapore Grand Prix,Good in corners,Good in corners,0.01856444277037382,0.2956512477782114,0.6746934651295772,0.011090844321837816
BEA,Singapore Grand Prix,Good in straights,Good in straights,0.04062324814041367,0.0019384984235899581,0.0058769670302617795,0.9515612864057345
HUL,Singapore Grand Prix,Good in straights,Good in straights,0.06471435713596825,0.35725693156700017,0.06286520339354247,0.5151635079034891
HAD,Singapore Grand Prix,Bad at both,Bad at both,0.9891491931200184,4.442490194022177e-05,0.010805735975831598,6.460022097705975e-07
HAD,Singapore Grand Prix,Bad at both,Bad at both,0.9831466872153911,0.0001010183222111349,0.016749701320729404,2.5931416685300835e-06
PIA,Singapore Grand Prix,Good in corners,Good in corners,2.792124608497698e-09,5.082750525277814e-09,0.9999997677831569,2.2434196794749312e-07
COL,Singapore Grand Prix,Bad at both,Bad at both,0.6118140202651073,6.774670761181928e-05,0.00013620692236002128,0.38798202610492094
GAS,Singapore Grand Prix,Good in corners,Good in corners,0.08942299073928675,0.002332041286262487,0.9078132857259988,0.0004316822484520323
HAD,Singapore Grand Prix,Good in corners,Good in corners,2.1090633196118057e-10,1.2185747114549244e-10,0.9999999662635322,3.340370411389912e-08
ALO,Singapore Grand Prix,Good in corners,Good in corners,0.0001284052431943562,0.016317884572205673,0.9835224551594491,3.125502515067303e-05
ALO,Singapore Grand Prix,Good in corners,Good in corners,0.0014216826503415658,1.0434093068220682e-05,0.998567123332935,7.59923655556983e-07
PIA,Singapore Grand Prix,Good at both,Good at both,0.008198707352799909,0.5667852979338879,0.0029001284151914425,0.42211586629812103
COL,Singapore Grand Prix,Bad at both,Bad at both,0.924606021571639,0.0006444214357210822,0.0003543490168510472,0.07439520797578891
VER,Singapore Grand Prix,Good at both,Good at both,0.004371492959539467,0.8739322586305581,0.10905720221292271,0.01263904619697979
NOR,Singapore Grand Prix,Good in corners,Good in corners,2.1622857921230372e-08,3.3862526768439405e-08,0.9999741471629515,2.579735166372395e-05
HAM,Singapore Grand Prix,Good in straights,Good in straights,0.0009761123211254222,0.20122357944321265,0.0004545492615863128,0.7973457589740756
TSU,Singapore Grand Prix,Good in straights,Good in straights,3.1853140754839494e-05,0.0025362048017010226,9.290759329248683e-05,0.9973390344642514
GAS,Singapore Grand Prix,Good in corners,Good in corners,0.003535067049992429,0.00022754113715485152,0.9961066190313123,0.00013077278154045334
LAW,Singapore Grand Prix,Good in straights,Bad at both,0.17191519751374268,3.7655450740188945e-05,1.233835787056841e-05,0.8280348086776467
HAD,Singapore Grand Prix,Good in corners,Good in corners,0.28788529431116355,6.622385621020377e-06,0.7121078702462335,2.1305698195903514e-07
BEA,Singapore Grand Prix,Good at both,Good at both,0.00947920701102913,0.8364476526300219,0.014909229238684433,0.13916391112026433
TSU,Singapore Grand Prix,Good at both,Good at both,3.0616415813083434e-08,0.9997890114580423,0.00020725764258037942,3.7002829613320753e-06
HUL,Singapore Grand Prix,Good in straights,Good in straights,0.0031800377524831332,0.21669200686456763,0.0009003976819872692,0.7792275577009619
GAS,Singapore Grand Prix,Good at both,Good at both,1.3297729329077178e-06,0.9985516210778034,0.0013580445409931059,8.90046082705338e-05
PIA,Singapore Grand Prix,Bad at both,Bad at both,0.754590936214234,0.05458159528279609,0.07188883419052942,0.11893863431244071
BOR,Singapore Grand Prix,Bad at both,Bad at both,0.9545085639909072,0.0033413957353305413,0.04156184653668173,0.0005881937370804278
HAM,Singapore Grand Prix,Good at both,Good at both,4.146884641778167e-14,0.9999998438587435,9.958261515299242e-08,5.655859992026451e-08
ANT,Singapore Grand Prix,Good at both,Good at both,0.01583977537755059,0.7330045628712143,0.009989455147771454,0.24116620660346388
BEA,Singapore Grand Prix,Good in straights,Good in straights,1.9445449294448936e-08,1.0598220393138825e-08,6.546237690289671e-09,0.9999999634100927
HUL,Singapore Grand Prix,Bad at both,Bad at both,0.986953185091468,0.0020849718334235287,0.007213953667812882,0.003747889407295722
RUS,Singapore Grand Prix,Good in corners,Good in corners,3.2621674006465066e-05,0.002091678369033175,0.9977701702306759,0.00010552972628440425
STR,Singapore Grand Prix,Good in corners,Good in corners,0.07204198657355955,0.006805172626652589,0.9166615719934235,0.004491268806364241
HAM,Singapore Grand Prix,Good in straights,Good in straights,0.006846866265756288,0.2569119849917781,0.002151896605780313,0.7340892521366851
VER,Singapore Grand Prix,Good in corners,Good in corners,7.838464835922172e-06,0.003969545938104534,0.9960209491498632,1.6664471962244865e-06
STR,Singapore Grand Prix,Good in corners,Good at both,0.0002595515966098302,0.4712739048110242,0.5283828947494191,8.364884294685116e-05
HAD,Singapore Grand Prix,Good in corners,Good in corners,0.1979954775086758,0.004235429439882441,0.7965365288376738,0.001232564213767827
SAI,Singapore Grand Prix,Bad at both,Bad at both,0.9948551769255273,0.00015941854501883566,1.5740554520688416e-05,0.00496966397493321
ALB,Singapore Grand Prix,Bad at both,Bad at both,0.9928901484549258,0.00020194304500389476,4.9535452570023476e-05,0.006858373047500019
PIA,Singapore Grand Prix,Good at both,Good at both,1.3168470247153348e-08,0.9998333676175863,0.0001591442301458296,7.474983797487073e-06
STR,Singapore Grand Prix,Bad at both,Bad at both,0.9995974831101611,5.388713057137452e-05,2.966131653153826e-06,0.0003456636276142598
HUL,Singapore Grand Prix,Good in corners,Good in corners,0.05088242752897598,0.006355935745112194,0.9417880167678823,0.0009736199580293955
TSU,Singapore Grand Prix,Good in straights,Good in straights,0.01900076977380797,0.1669210179933049,0.004054912897434936,0.8100232993354521
HAM,Singapore Grand Prix,Good at both,Good at both,4.220930904984682e-08,0.9997577055733032,0.0002383136761050803,3.938541282714386e-06
TSU,Singapore Grand Prix,Good in corners,Good in corners,0.2953237199871877,0.03493907290866646,0.6530248203985699,0.016712386705575885
SAI,Singapore Grand Prix,Bad at both,Bad at both,0.8744494268119717,0.0015194547131447513,0.12068764290663314,0.0033434755682501716
VER,Singapore Grand Prix,Bad at both,Bad at both,0.6401245703996353,0.0001317015952708577,0.3597226852437607,2.1042761333153164e-05
RUS,Singapore Grand Prix,Good in straights,Good in straights,4.744900442415364e-09,4.372369464446809e-09,1.6711939405990033e-09,0.9999999892115361
BOR,Singapore Grand Prix,Good in straights,Good in straights,8.954015515835505e-09,4.846637676673039e-09,3.0197474724136793e-09,0.9999999831795994
BOR,Singapore Grand Prix,Good in straights,Good in straights,1.2047367883539981e-09,6.469555139864353e-10,4.0712975204141335e-10,0.9999999977411779
HUL,Singapore Grand Prix,Good in straights,Good in straights,0.13147889178105795,0.008466366738628156,0.0028671004717878545,0.8571876410085262
GAS,Singapore Grand Prix,Good at both,Good in corners,0.0006337645537070067,0.5437155273740887,0.45535226710828564,0.0002984409639185042
ALO,Singapore Grand Prix,Good in corners,Good in corners,0.0014642934998663419,0.00027695221140804766,0.9982371296866364,2.1624602089253693e-05
ANT,Singapore Grand Prix,Good at both,Good at both,0.01166883032326234,0.9617602215426541,0.014115596531964196,0.012455351602119368
PIA,Singapore Grand Prix,Good in corners,Good in corners,4.815949609176761e-10,8.658516486123842e-10,0.9999981854710548,1.8131814985635902e-06
COL,Singapore Grand Prix,Bad at both,Bad at both,0.9928397145375883,3.2654251869156976e-05,2.530747273584856e-05,0.007102323737806758
TSU,Singapore Grand Prix,Good at both,Good at both,0.0001210322614129272,0.806857762473564,0.19298504358108107,3.616168394195996e-05
BEA,Singapore Grand Prix,Good in straights,Good in straights,0.023147172074035098,0.006268672888632166,0.014575431862395342,0.9560087231749376
HAM,Singapore Grand Prix,Good at both,Good at both,8.241419190012971e-10,0.9999583046215816,5.093100479483183e-08,4.1643623271502545e-05
VER,Singapore Grand Prix,Good at both,Good at both,0.006460867844623215,0.982310592130122,0.0015841484143297644,0.009644391610924863
NOR,Singapore Grand Prix,Good at both,Good at both,7.426311683639443e-07,0.9991544587971369,1.5083704070925269e-05,0.0008297148676237278
COL,Singapore Grand Prix,Good at both,Good at both,0.009939775352196329,0.5712615807777692,0.011719665684992572,0.4070789781850417
COL,Singapore Grand Prix,Good in straights,Good in straights,0.10008805993919542,0.012512080201349715,0.003851716945192548,0.8835481429142622
VER,Singapore Grand Prix,Good in straights,Good in straights,1.883478965070131e-08,1.0230784457267224e-08,6.346331341947147e-09,0.9999999645880945
BOR,Singapore Grand Prix,Good in straights,Good in straights,0.0016250442101179885,0.009788399926770011,0.00027344952104715105,0.9883131063420652
GAS,Singapore Grand Prix,Good at both,Good at both,0.01127327984366022,0.9379980825180929,0.019753618180425845,0.03097501945782119
LEC,Singapore Grand Prix,Good in straights,Good in straights,8.245529275009177e-13,4.4289964474816623e-13,2.786464356455751e-13,0.9999999999984539
RUS,Singapore Grand Prix,Good in straights,Good in straights,1.0888539441366422e-05,0.004241935831864732,8.239580468020737e-06,0.9957389360482258
RUS,Singapore Grand Prix,Bad at both,Bad at both,0.607963258047172,0.019874221957511467,0.03824460155834862,0.3339179184369679
HAD,Singapore Grand Prix,Good in corners,Good in corners,0.13940243850446177,1.326753559956236e-05,0.8605827150353915,1.5789245473681987e-06
BOR,Singapore Grand Prix,Good in straights,Good in straights,0.0019172497463107534,0.0005806838495142889,0.0009376234559159146,0.9965644429482591
BOR,Singapore Grand Prix,Bad at both,Bad at both,0.8552428283130371,0.020471466868325988,0.019140155519131872,0.10514554929950497
SAI,Singapore Grand Prix,Good in straights,Good in straights,0.1132079421229014,0.06797586855727084,0.05126561436480078,0.7675505749550271
RUS,Singapore Grand Prix,Good at both,Good at both,0.0020945678815146055,0.9918477747951308,0.0030746468851446944,0.0029830104382100064
OCO,Singapore Grand Prix,Good in straights,Good in straights,0.006284887704318787,1.0888194158683988e-05,8.203203035803e-06,0.9936960208984869
COL,Singapore Grand Prix,Bad at both,Bad at both,0.9999437204736099,3.44788347251241e-08,5.164549920735319e-08,5.6193402055867585e-05
COL,Singapore Grand Prix,Good in corners,Good in corners,4.247936267434916e-07,7.677001221730287e-07,0.9999501015511599,4.870595509128163e-05
VER,Singapore Grand Prix,Good in straights,Good at both,0.1919577258922612,0.20629569761198527,0.13787274473231215,0.46387383176344127
STR,Singapore Grand Prix,Good in corners,Bad at both,0.45682617214998683,0.050476830792437345,0.43584936409888525,0.05684763295869052
ANT,Singapore Grand Prix,Good in straights,Good in straights,4.31036719950206e-05,0.09091737450097527,8.26232856175982e-06,0.909031259498468
HUL,Singapore Grand Prix,Bad at both,Bad at both,0.6512206193729013,1.6442102929080453e-05,1.4138277999224291e-06,0.34876152469636945
VER,Singapore Grand Prix,Good at both,Good at both,3.1689228625278873e-13,0.9999998272151215,6.871124611422178e-08,1.040733155710194e-07
GAS,Singapore Grand Prix,Good in corners,Good in corners,0.005176791943131843,0.0012882719265315172,0.992739017889893,0.000795918240443591
RUS,Singapore Grand Prix,Good in straights,Good in straights,5.7557742325983226e-08,3.097721362032116e-08,1.942898594025249e-08,0.9999998920360582
LEC,Singapore Grand Prix,Good at both,Good at both,1.2382386193971246e-09,0.9999685103159364,2.7127775872381594e-05,4.3606699527518305e-06
BOR,Singapore Grand Prix,Bad at both,Bad at both,0.9536110843878907,0.006473921129873376,0.038582544377633345,0.0013324501046025415
GAS,Singapore Grand Prix,Good at both,Good at both,0.041695103416174356,0.7446880589841671,0.19149450331157888,0.02212233428807984
COL,Singapore Grand Prix,Good at both,Good at both,0.008131401354443223,0.9655702334309848,0.006892994012905334,0.019405371201666726
PIA,Singapore Grand Prix,Good in corners,Good in corners,0.017959438154648052,0.1822493331266997,0.7853798144388896,0.014411414279762733
BOR,Singapore Grand Prix,Good in corners,Good in corners,0.0030812173222999023,0.015587704765406423,0.9781643427607359,0.003166735151557706
BOR,Singapore Grand Prix,Good in straights,Good in straights,0.023889799557573668,0.03498014656933484,0.028721164024413433,0.9124088898486782
ANT,Singapore Grand Prix,Good at both,Good at both,0.0005191126809156737,0.7724579650594313,0.00010922216678846428,0.22691370009286463
BOR,Singapore Grand Prix,Good in corners,Good in corners,0.00014259243633506837,0.014377565102545318,0.9852686628552004,0.00021117960591912944
VER,Singapore Grand Prix,Good at both,Good in corners,0.00027168656905065256,0.5774493834238006,0.42196404356973943,0.00031488643740959293
HAD,Singapore Grand Prix,Bad at both,Bad at both,0.8643059109500154,0.0006303839139747507,0.13494953795238515,0.00011416718362453996
LEC,Singapore Grand Prix,Good in corners,Good in corners,0.03810321095283688,0.20242553555267037,0.7405450434125123,0.018926210081980484
HAD,Singapore Grand Prix,Good in corners,Good in corners,0.0034704580172182295,0.00012847881332949488,0.9963954995435959,5.563625856473011e-06
NOR,Singapore Grand Prix,Good in corners,Good in corners,2.7801832987011267e-06,0.0013234911032722159,0.9986440799551407,2.964875828825119e-05
LEC,Singapore Grand Prix,Good at both,Good at both,0.03881090211303476,0.6643420374690411,0.022483624441202374,0.2743634359767216
ANT,Singapore Grand Prix,Bad at both,Bad at both,0.9863032748948541,0.003021404898022851,0.008358302120217183,0.0023170180869058025
BOR,Singapore Grand Prix,Good in straights,Bad at both,0.4566431004881247,0.019751460871465128,0.03840948347580387,0.4851959551646064
LAW,Singapore Grand Prix,Bad at both,Bad at both,0.6644387079004985,0.020168707588543975,0.30858525325978553,0.0068073312511721966
HAM,Singapore Grand Prix,Good in corners,Good in corners,7.079050851581123e-12,3.801693905520517e-12,0.9999999666533328,3.333578650690483e-08
PIA,Singapore Grand Prix,Good at both,Good at both,5.873323470652058e-06,0.9964354305264048,0.0035585126857788614,1.83464345592338e-07
STR,Singapore Grand Prix,Good in corners,Good in corners,0.0009627230431194133,0.37314268765816466,0.6258247726579652,6.98166407511242e-05
ALB,Singapore Grand Prix,Good in straights,Good in straights,0.01662581298243344,0.4230220490918603,0.007361861366483575,0.5529902765592227
ALO,Singapore Grand Prix,Good in corners,Good in corners,0.019520573653667755,0.38805876534943357,0.5682317528162277,0.02418890818067125
LEC,Singapore Grand Prix,Bad at both,Bad at both,0.3931521087064583,0.1403578835911642,0.19258499024896145,0.27390501745341583
NOR,Singapore Grand Prix,Good in corners,Good in corners,0.00033194327475500316,0.06677123490578087,0.932815408731715,8.141308774916843e-05
HAM,Singapore Grand Prix,Good in straights,Good in straights,0.00522831370483312,0.2974257129726125,0.006379692181902798,0.6909662811406518
LEC,Singapore Grand Prix,Good at both,Good at both,1.4414026620241298e-07,0.9994448147143155,0.0005536374319309178,1.4037134874627732e-06
HAM,Singapore Grand Prix,Good in straights,Good in straights,5.568878335497914e-13,5.787821595031129e-13,2.0708124862443817e-13,0.9999999999986573
ALO,Singapore Grand Prix,Good in straights,Good in straights,0.18940282909941109,0.041007279674520954,0.014913076969708007,0.7546768142563599
OCO,Singapore Grand Prix,Bad at both,Bad at both,0.9937711218771832,1.2504601141292605e-05,1.8753006905484825e-05,0.006197620514770069
LAW,Singapore Grand Prix,Good in straights,Good in straights,0.0006833214181386495,0.03581901914340469,0.0006598467572964796,0.9628378126811604
ALO,Singapore Grand Prix,Good in corners,Good in corners,2.898185949431186e-14,4.782432489528703e-14,0.9999999655671448,3.443277834477747e-08
BOR,Singapore Grand Prix,Bad at both,Bad at both,0.9889149950484561,0.005120799546922065,0.0008644624373103479,0.005099742967311319
VER,Singapore Grand Prix,Good in straights,Good in straights,0.006524705872149052,0.00013447317620703613,0.00012312715910124097,0.9932176937925425
HAM,Singapore Grand Prix,Good at both,Good at both,9.74795401412641e-10,0.9999980894887514,1.2735538887129931e-06,6.359825644585307e-07
ALO,Singapore Grand Prix,Good at both,Good at both,0.0006143389011389266,0.9922709314369271,0.006672011886304845,0.0004427177756290512
PIA,Singapore Grand Prix,Good in corners,Good in corners,0.0024480943633702723,0.009467877199804473,0.9855730178003367,0.0025110106364885382
ANT,Singapore Grand Prix,Good at both,Good at both,2.856876827186154e-10,0.9999963113459202,7.279946075508856e-07,2.960373784599977e-06
LAW,Singapore Grand Prix,Bad at both,Bad at both,0.9999344071875285,4.496885476277228e-06,4.7530297032095355e-06,5.634289729182015e-05
BOR,Singapore Grand Prix,Good in straights,Good in straights,0.009411462346680083,1.0182451878174787e-05,1.2418486887912968e-05,0.9905659367145542
COL,Singapore Grand Prix,Good in straights,Good in straights,1.0148987307583635e-09,7.118736003673356e-10,3.3569462892001526e-10,0.999999997937533
RUS,Singapore Grand Prix,Good in straights,Good in straights,0.11608206400292481,0.0018671950274070912,0.006437001059157877,0.8756137399105103
HUL,Singapore Grand Prix,Good at both,Good in straights,0.046874480029943065,0.640098069989003,0.031323839203597055,0.2817036107774566
ANT,Singapore Grand Prix,Good in straights,Good in straights,0.035451834230499905,0.0004206085869812091,0.0010206683423486292,0.9631068888401701
PIA,Singapore Grand Prix,Good at both,Good at both,7.979637955199401e-09,0.9999228178404244,7.367062261737602e-05,3.5035573203439746e-06
HAM,Singapore Grand Prix,Good in straights,Good in straights,0.000766568213267477,0.00205181559478627,0.0004600940258682039,0.996721522166078
BEA,Singapore Grand Prix,Good in straights,Good in straights,0.08400412876633115,0.04159620895274467,0.05147961881412284,0.8229200434668011
SAI,Singapore Grand Prix,Bad at both,Bad at both,0.9966198035165051,0.000307432139957634,0.0028871335046909735,0.0001856308388464755
NOR,Singapore Grand Prix,Good at both,Good at both,0.007018255172890593,0.8184906025299752,0.16123125748196623,0.013259884815167901
ALO,Singapore Grand Prix,Good in corners,Good in corners,0.2871350632689189,0.0058484976821508924,0.6986632682149316,0.008353170833998128
SAI,Singapore Grand Prix,Bad at both,Bad at both,0.9973172934565044,0.00016586890697720951,0.0003901967879808101,0.0021266408485374278
VER,Monaco Grand Prix,Good in corners,Good in corners,0.22271452434033648,2.743247152584015e-06,0.7772825197044109,2.1270810019524937e-07
SAI,Monaco Grand Prix,Good in straights,Good in straights,0.007217846557969377,0.0001826928757100783,0.0005088396212484214,0.9920906209450718
OCO,Monaco Grand Prix,Good in straights,Good in straights,5.7188166619620776e-11,7.652893360691713e-11,2.5360955159084376e-11,0.999999999840922
NOR,Monaco Grand Prix,Bad at both,Bad at both,0.8766902177506115,2.0981241556839233e-05,0.12326124455034948,2.755645748215841e-05
LEC,Monaco Grand Prix,Good at both,Good at both,0.002439902752046397,0.9651617441952641,0.0026513207868312113,0.02974703226585841
HAD,Monaco Grand Prix,Bad at both,Bad at both,0.9807431466659781,0.0011909899851486492,0.00023976416480225054,0.017826099184070965
COL,Monaco Grand Prix,Good at both,Good at both,0.0002622576512091267,0.9541753530355893,0.0003914167304305563,0.04517097258277071
LEC,Monaco Grand Prix,Good in corners,Good in corners,0.05427232227508224,0.0829604741147276,0.8210284871742336,0.04173871643595669
PIA,Monaco Grand Prix,Good in corners,Good in corners,1.0567982994499658e-08,6.845544450683529e-09,0.9999784935738468,2.1489012625694114e-05
STR,Monaco Grand Prix,Bad at both,Bad at both,0.9178697526520746,0.0010224734839985202,0.001001779406210677,0.08010599445771617
HUL,Monaco Grand Prix,Bad at both,Bad at both,0.9975649545755778,0.00021912710565070268,1.3063811985236309e-05,0.0022028545067861614
LAW,Monaco Grand Prix,Bad at both,Bad at both,0.9911803438772288,0.0013636805039436652,0.003628127263078987,0.003827848355748509
ANT,Monaco Grand Prix,Good in straights,Good in straights,0.10289641019597168,0.08125156374490988,0.11046702545239996,0.7053850006067185
STR,Monaco Grand Prix,Good in corners,Good in corners,0.003854690914615459,0.03540070922185614,0.9589409526783496,0.0018036471851788733
ALO,Monaco Grand Prix,Good in corners,Good in corners,4.754313293976781e-11,2.5532145480180293e-11,0.9999999665773558,3.334956903575751e-08
ALO,Monaco Grand Prix,Good in corners,Good in corners,1.9483319441793132e-13,1.0463255982330285e-13,0.9999999666662991,3.333340138236918e-08
STR,Monaco Grand Prix,Good at both,Good at both,0.011892566327350598,0.6963441371513966,0.2774848097402413,0.014278486781011466
NOR,Monaco Grand Prix,Good at both,Good at both,1.3100832849807986e-06,0.9983284951266813,1.5203056686103604e-06,0.00166867448436488
VER,Monaco Grand Prix,Good in straights,Good in straights,0.1884910689540631,0.00023200849707340156,4.469441388676782e-05,0.8112322281349766
LEC,Monaco Grand Prix,Bad at both,Bad at both,0.9998998937566751,4.203603527701627e-05,6.905178209224485e-07,5.7379690226951434e-05
HAD,Monaco Grand Prix,Bad at both,Bad at both,0.567555003471258,0.012754786448369006,0.008634725494896474,0.41105548458547647
SAI,Monaco Grand Prix,Bad at both,Bad at both,0.9999994149028762,3.0136196818023616e-07,1.115290690724982e-07,1.7220608676453582e-07
PIA,Monaco Grand Prix,Good at both,Good at both,0.0005641442039424954,0.9633344487993074,0.03596600491871659,0.00013540207803360282
HAM,Monaco Grand Prix,Good in straights,Good in straights,0.0011644295519341085,0.01357286772144391,0.0009880298375602257,0.984274672889062
TSU,Monaco Grand Prix,Good in straights,Good in straights,0.053992366588617925,0.16258645723648044,0.07004744051056648,0.713373735664335
VER,Monaco Grand Prix,Good at both,Good at both,0.0003490625955864105,0.971616126680818,0.028017135009490882,1.767571410477043e-05
VER,Monaco Grand Prix,Good in corners,Good in corners,1.3572283381546095e-05,0.00507352105762463,0.9948849623263619,2.794433263187072e-05
VER,Monaco Grand Prix,Good in corners,Good in corners,3.8373403028999505e-08,6.347791042291369e-08,0.9999936168908815,6.281257804822325e-06
LAW,Monaco Grand Prix,Good in straights,Good in straights,0.00044298938786014886,0.07045152405449447,0.0032921623695208063,0.9258133241881245
SAI,Monaco Grand Prix,Good in straights,Good in straights,4.2095987722955637e-13,2.278687844262731e-13,1.4199211290987455e-13,0.9999999999992092
PIA,Monaco Grand Prix,Good at both,Good at both,4.4214097369593737e-08,0.9996919899182193,0.00030791335568058236,5.2512002708394566e-08
VER,Monaco Grand Prix,Bad at both,Bad at both,0.9927879463250084,1.6823679023962263e-05,0.0071950999036374886,1.3009233019246135e-07
HAD,Monaco Grand Prix,Good in corners,Good in corners,0.1380056151800421,7.181261841003883e-05,0.8616308459834896,0.0002917262180580028
HUL,Monaco Grand Prix,Good in corners,Good in corners,0.1242638929994317,0.005947380818095118,0.8580005555708641,0.011788170611609064
NOR,Monaco Grand Prix,Good in corners,Good in corners,0.0029660745400434114,9.111203910893052e-05,0.9968493316737742,9.348174707320829e-05
NOR,Monaco Grand Prix,Good in straights,Good in straights,0.39398504589090766,0.006031901012314307,0.0009899711526842815,0.5989930819440936
ALO,Monaco Grand Prix,Good in corners,Good in corners,3.0145321967317164e-14,1.796645834677938e-14,0.9999999666666065,3.333334553800728e-08
HAD,Monaco Grand Prix,Bad at both,Bad at both,0.9997962106376016,8.350145920550046e-05,8.363844079081166e-05,3.664946240212982e-05
PIA,Monaco Grand Prix,Good at both,Good at both,0.0012345129232765033,0.9845571106323247,0.009951392434110222,0.0042569840102886026
HAM,Monaco Grand Prix,Good in straights,Good in straights,4.563462983621621e-07,2.8119188082846914e-07,1.5152396381827565e-07,0.999999110937857
SAI,Monaco Grand Prix,Bad at both,Bad at both,0.9930062225824192,5.1049321744189897e-05,2.3588462936070315e-05,0.00691913963290039
COL,Monaco Grand Prix,Bad at both,Bad at both,0.9997259199905009,0.00012800615079210052,4.278907980146524e-05,0.00010328477890580919
PIA,Monaco Grand Prix,Good at both,Good in corners,0.00038495423037398753,0.49438154013746005,0.5051847673652929,4.873826687312966e-05
HAD,Monaco Grand Prix,Bad at both,Bad at both,0.2997094703741438,0.28350769281163424,0.15156882216315176,0.2652140146510703
SAI,Monaco Grand Prix,Bad at both,Bad at both,0.9994425212096588,3.371632136444705e-05,0.0003047982166303475,0.00021896425234642014
VER,Monaco Grand Prix,Good in straights,Good in straights,0.00011748426823664426,0.012412474446170932,0.0004045149294731745,0.9870655263561193
VER,Monaco Grand Prix,Good at both,Good at both,0.04233178233136979,0.7580628372290303,0.03809055068242142,0.16151482975717846
HAD,Monaco Grand Prix,Bad at both,Bad at both,0.9944111739261214,0.0001963464706990097,0.0051469490148541176,0.0002455305883254955
PIA,Monaco Grand Prix,Good at both,Good at both,0.0012769721269578415,0.9930988743677119,0.004171875051379485,0.0014522784539507444
OCO,Monaco Grand Prix,Bad at both,Bad at both,0.9999216490860421,1.5699222451444855e-06,2.1493425099305753e-07,7.656605746182992e-05
ALB,Monaco Grand Prix,Bad at both,Bad at both,0.9766220476840168,0.0002674774632924649,0.022706561425794823,0.00040391342689574363
SAI,Monaco Grand Prix,Bad at both,Bad at both,0.8289855872769115,0.03331238067929701,0.008763466870137883,0.12893856517365382
LAW,Monaco Grand Prix,Good in straights,Good in straights,0.009215432574654629,0.0023971303726015958,0.0007223559101772887,0.9876650811425666
NOR,Monaco Grand Prix,Good at both,Good at both,0.00015532711621667766,0.8842493770465156,0.11557324091469552,2.2054922572134545e-05
PIA,Monaco Grand Prix,Good in corners,Good in corners,1.4991537924349934e-06,1.0373401484999518e-06,0.9999834352776928,1.402822836614052e-05
BEA,Monaco Grand Prix,Good at both,Good at both,0.00013399816927097495,0.982868944059311,0.016955184782307953,4.1872989110106125e-05
SAI,Monaco Grand Prix,Good in corners,Good in corners,0.18665603719721063,0.0008685221587261805,0.8097502499520366,0.0027251906920267594
STR,Monaco Grand Prix,Bad at both,Bad at both,0.7557059669706242,0.06394595983374955,0.09373543777445097,0.08661263542117541
LAW,Monaco Grand Prix,Good in corners,Good in corners,0.15078370431060478,0.04910995314180316,0.7490285612922435,0.05107778125534863
HAM,Monaco Grand Prix,Good at both,Good at both,2.572025994236474e-07,0.9992696349031462,4.944470323627758e-07,0.0007296134472220913
VER,Monaco Grand Prix,Bad at both,Bad at both,0.9995221335079313,3.486815036626217e-05,9.81253376782919e-06,0.00043318580793454917
SAI,Monaco Grand Prix,Good in straights,Good in straights,3.3383769491787495e-09,1.8553341419277532e-09,1.119769043551274e-09,0.9999999936865198
LAW,Monaco Grand Prix,Bad at both,Bad at both,0.9298064261120231,0.011128462788596992,0.00917188195646239,0.049893229142917696
NOR,Monaco Grand Prix,Good in corners,Good in corners,0.0007605547339381979,0.04136123229863136,0.9577788108060419,9.940216138866142e-05
PIA,Monaco Grand Prix,Bad at both,Bad at both,0.7469567677090521,0.0558806428529683,0.017240069006294018,0.1799225204316858
PIA,Monaco Grand Prix,Good at both,Good at both,0.005876889713439539,0.5364233214540227,0.005264729598441252,0.45243505923409644
HAD,Monaco Grand Prix,Good in straights,Good in straights,0.35995273167817177,0.00018293240746603616,8.946720698244689e-05,0.6397748687073792
PIA,Monaco Grand Prix,Good at both,Good at both,4.053956418021158e-07,0.9990656112433882,0.00093210804048556,1.8753204842666056e-06
RUS,Monaco Grand Prix,Good in straights,Good at both,7.188162676690998e-05,0.2298601637515423,0.0031721579494735186,0.7668957966722173
SAI,Monaco Grand Prix,Good at both,Good at both,0.0006896922852520106,0.9546676748205674,0.0015387469460313567,0.043103885948149165
LEC,Monaco Grand Prix,Good at both,Good at both,0.0021652073564511288,0.7767013522875814,0.009542666639953177,0.211590773716014
RUS,Monaco Grand Prix,Bad at both,Bad at both,0.9857480510523513,0.00028491128250131406,9.991611723842811e-05,0.01386712154790914
VER,Monaco Grand Prix,Bad at both,Bad at both,0.8875082237454258,0.004121165614022811,0.060451426420680444,0.047919184219870764
BEA,Monaco Grand Prix,Good in straights,Good in straights,3.4984612579551125e-14,4.317627987040579e-14,1.4520656645650954e-14,0.9999999999999073
PIA,Monaco Grand Prix,Good at both,Good at both,0.0015422401605801788,0.8978565626754914,0.09431917998605277,0.006282017177875523
HAM,Monaco Grand Prix,Good in straights,Good in straights,1.354085921279176e-06,7.395460369542008e-07,4.5777679547140034e-07,0.9999974485912463
ALB,Monaco Grand Prix,Good at both,Good at both,8.316298349131656e-05,0.5300858580345787,0.4698240345529329,6.944428996576749e-06
PIA,Monaco Grand Prix,Good at both,Good at both,4.5407439614627465e-07,0.9990595229005353,2.0714890580268115e-06,0.0009379515360105242
PIA,Monaco Grand Prix,Good in straights,Good in straights,0.07681361078641415,0.04205924454881862,0.016145368179549823,0.8649817764852173
RUS,Monaco Grand Prix,Bad at both,Bad at both,0.9960609464539815,0.0001312613424747066,8.388551160421585e-06,0.003799403652383355
SAI,Monaco Grand Prix,Good in corners,Good in corners,0.17391419198919625,0.2666988855287928,0.47391740406890615,0.08546951841310477
LEC,Monaco Grand Prix,Good at both,Good at both,1.3326040553582113e-11,0.9999946078807773,5.3344843824826485e-06,5.7621514187008796e-08
HAM,Monaco Grand Prix,Good in straights,Good in straights,0.0056516049583103765,0.06702144435583639,0.00911389749198926,0.9182130531938639
LEC,Monaco Grand Prix,Good in straights,Good in straights,0.007714114362103237,0.14063016583088467,0.005276438102607586,0.8463792817044041
HAD,Monaco Grand Prix,Good in straights,Good in straights,2.0151128075079178e-06,1.560492561727085e-06,6.737966377740646e-07,0.999995750597993
COL,Monaco Grand Prix,Good in straights,Good in straights,1.04356766100456e-08,1.846220858223756e-08,6.4272573866119e-09,0.9999999646748574
ALB,Monaco Grand Prix,Good at both,Good at both,0.0006274650762013157,0.9919540616220192,0.0068914817839785154,0.0005269915178011465
SAI,Monaco Grand Prix,Bad at both,Good in straights,0.5365719342075556,0.0607981917343246,0.033325776587542454,0.3693040974705774
LEC,Monaco Grand Prix,Bad at both,Bad at both,0.9999862692970687,8.938251511795545e-08,5.0105855164167064e-08,1.3591214560911716e-05
VER,Monaco Grand Prix,Good in straights,Good at both,0.0011458659976148727,0.49665681725525945,0.006111117038070338,0.49608619970905515
HAM,Monaco Grand Prix,Good at both,Good at both,0.0014442895005729154,0.8665597983507083,0.12872348121280786,0.003272430935911023
VER,Monaco Grand Prix,Good in straights,Good in straights,6.50981500947107e-05,0.010836152990478725,0.0001786007915739003,0.9889201480678524
ALB,Monaco Grand Prix,Bad at both,Bad at both,0.9980711160038123,0.0005633952671389576,0.0004976219200014458,0.0008678668090474629
ALB,Monaco Grand Prix,Good in straights,Good in straights,0.35440569555115,0.0020005314207858084,0.0032133919154156304,0.6403803811126486
ALB,Monaco Grand Prix,Good in corners,Good in corners,0.03382788083050797,0.0243234664930036,0.9289212268845647,0.012927425791924173
ANT,Monaco Grand Prix,Good at both,Good at both,0.0004656935240780487,0.6377315128964918,0.0004508715261850569,0.36135192205324523
HAD,Monaco Grand Prix,Bad at both,Bad at both,0.9999986200354601,2.5652266447145324e-07,5.1692489188694507e-08,1.0717493863415436e-06
ALO,Monaco Grand Prix,Bad at both,Bad at both,0.7906445761437276,0.000119278149699049,0.20914601902757088,9.012667900275051e-05
RUS,Monaco Grand Prix,Good in straights,Good in straights,0.0001666989139530106,0.01843411697076462,5.427185976462653e-05,0.9813449122555178
RUS,Monaco Grand Prix,Good in corners,Good in corners,0.025749222420246458,0.2925585785035537,0.6444301126917479,0.03726208638445191
OCO,Monaco Grand Prix,Good at both,Good at both,0.007419950076341245,0.6691972781409987,0.3085125781047583,0.014870193677901612
SAI,Monaco Grand Prix,Bad at both,Bad at both,0.7874323932379332,0.005358454738545297,0.001891616126446501,0.20531753589707508
VER,Monaco Grand Prix,Good at both,Good at both,0.02424979581937783,0.9405277088659884,0.023914866760439624,0.01130762855419401
COL,Monaco Grand Prix,Bad at both,Bad at both,0.9961083911692661,3.38692929456011e-05,7.761255561530685e-06,0.0038499782822269636
ALB,Monaco Grand Prix,Good in corners,Good in corners,0.004891328006673111,9.842612188637788e-08,0.9951085280410047,4.552620023325311e-08
ALB,Monaco Grand Prix,Bad at both,Good in corners,0.6080777172505338,0.00010870254487917923,0.3914122757761666,0.0004013044284199702
HAD,Monaco Grand Prix,Good at both,Good in corners,0.02870696808349571,0.5610534020623302,0.3995257047939574,0.010713925060216699
HAD,Monaco Grand Prix,Good in corners,Good in corners,1.6833843604031052e-12,2.50359787095589e-12,0.9999999002593906,9.973642243844817e-08
LEC,Monaco Grand Prix,Good at both,Good at both,1.185922070077169e-09,0.9999802254467273,1.3880836656253883e-05,5.892530694189577e-06
VER,Monaco Grand Prix,Good at both,Good at both,0.0031367101418080896,0.9911619113416199,0.0036571533222412972,0.0020442251943305345
OCO,Monaco Grand Prix,Good in straights,Good in straights,0.23593243929565547,0.22072656477631095,0.20573772940177823,0.3376032665262553
ALB,Monaco Grand Prix,Good at both,Good at both,1.0671967946094312e-10,0.9999880206908554,2.6807116217980856e-06,9.298490803109481e-06
BEA,Monaco Grand Prix,Good in straights,Good in straights,4.789042415088324e-05,0.009899014842718927,3.223421142518482e-05,0.9900208605217049
LAW,Monaco Grand Prix,Good in straights,Good in straights,2.6712838979749833e-10,4.448621217943263e-10,1.5055868833604315e-10,0.9999999991374507
PIA,Monaco Grand Prix,Good at both,Good at both,0.013958078852177303,0.8759168816015691,0.019650798336698957,0.09047424120955502
BOR,Monaco Grand Prix,Good in straights,Good in straights,0.003953464092126962,0.00019183928262923676,1.8335085226839952e-05,0.995836361540017
NOR,Monaco Grand Prix,Good in corners,Good in corners,0.005322841502539549,0.00020326374442681996,0.9943353017247503,0.0001385930282835282
HAD,Monaco Grand Prix,Bad at both,Bad at both,0.5258529394183004,0.00021187012018272677,0.47340267702559824,0.000532513435918671
OCO,Monaco Grand Prix,Good in corners,Good in corners,0.18219780225060042,0.03952216717912449,0.7236865256050092,0.05459350496526555
BOR,Monaco Grand Prix,Good in corners,Good in corners,1.2385951638099366e-05,1.735983819465868e-05,0.9986723422348683,0.0012979119752987705
VER,Monaco Grand Prix,Good in corners,Good in corners,0.0007796711087645226,0.13500662330954064,0.8638493385220868,0.000364367059607697
ANT,Monaco Grand Prix,Good in corners,Bad at both,0.46482022915471527,0.007075180796276285,0.5252268045533822,0.002877785495626143
LAW,Monaco Grand Prix,Bad at both,Bad at both,0.9876229629419266,0.000216197816993584,0.006645540421389535,0.005515298819690485
HAD,Monaco Grand Prix,Bad at both,Bad at both,0.9995901896351038,6.765451911907733e-05,0.00024148744780377177,0.00010066839797314686
HAM,Monaco Grand Prix,Good in corners,Good in corners,0.0002779677967271954,0.021704978174176465,0.9774485959505523,0.000568458078544238
LAW,Monaco Grand Prix,Good at both,Good at both,0.01999848279343491,0.847056116467807,0.03989290517622381,0.09305249556253414
COL,Monaco Grand Prix,Bad at both,Bad at both,0.9206805261110037,0.0032294881072639538,0.07101855040935798,0.0050714353723742564
OCO,Monaco Grand Prix,Good at both,Good at both,5.248184669495403e-06,0.9966207864937664,0.0033637588993005543,1.0206422263529383e-05
PIA,Monaco Grand Prix,Good at both,Good at both,0.0019332611927657848,0.9918560716909958,0.00279610645908775,0.0034145606571509926
OCO,Monaco Grand Prix,Good in straights,Good in straights,0.03089701103262382,0.0007342631882667575,0.00020527753650443655,0.9681634482426048
ANT,Monaco Grand Prix,Good at both,Good at both,0.0007808408474094231,0.8250542451291493,0.01624752747427324,0.1579173865491678
LEC,Monaco Grand Prix,Good in corners,Good at both,0.0006343870903033207,0.3607601378645701,0.6371653095101937,0.0014401655349329393
COL,Monaco Grand Prix,Bad at both,Bad at both,0.8874301250289426,0.024442457355650468,0.0206343338997999,0.06749308371560683
PIA,Monaco Grand Prix,Good in corners,Good in corners,0.0001090810237031792,0.015155750052511031,0.9847334189320834,1.7499917024712037e-06
OCO,British Grand Prix,Good in straights,Good in straights,0.11939080994708454,0.007813616160188984,0.006638712726279467,0.8661568611664467
SAI,British Grand Prix,Good in straights,Good in straights,0.015638719659975698,0.1700759408991459,0.00044773795047347035,0.813837601490405
STR,British Grand Prix,Good in corners,Good in corners,7.027149233101845e-05,0.002425092231060996,0.9974639980969797,4.063817962816288e-05
SAI,British Grand Prix,Good at both,Good at both,0.000491295822727757,0.997089803853511,0.00046967392756764643,0.0019492263961936205
GAS,British Grand Prix,Bad at both,Bad at both,0.984937656456134,0.004524867450399058,0.00924238108467825,0.0012950950087886916
ALB,British Grand Prix,Good in straights,Good in straights,0.45145877002832097,0.003363037942143045,0.006263644590102163,0.5389145474394337
HAM,British Grand Prix,Good at both,Good at both,0.0016937368871910777,0.9699126495948381,0.003074200896811,0.02531941262115945
GAS,British Grand Prix,Bad at both,Bad at both,0.985281513255427,0.007511017060079358,0.004389546816648008,0.002817922867845662
LEC,British Grand Prix,Good in straights,Good in straights,0.00024403337284066852,0.007589458315099901,0.0027707417359683116,0.989395766576091
ALB,British Grand Prix,Good in straights,Good in straights,0.00793015182323969,0.0008051909843219142,0.0069118551433194056,0.9843528020491192
SAI,British Grand Prix,Bad at both,Bad at both,0.8301297343788197,0.00652382722985348,0.14508815987280144,0.018258278518525392
VER,British Grand Prix,Bad at both,Good in corners,0.4113812043933057,0.18796195111470299,0.18318912237946042,0.21746772211253076
LEC,British Grand Prix,Good in straights,Good in straights,0.5271791180082467,0.002156596111085099,0.003618868650047053,0.4670454172306211
STR,British Grand Prix,Good in corners,Good in corners,0.003881196525125221,0.002102932757689388,0.9937896615546309,0.00022620916255473525
SAI,British Grand Prix,Bad at both,Bad at both,0.7045935331231835,0.015193597820724058,0.06014864922825385,0.22006421982783864
NOR,British Grand Prix,Bad at both,Bad at both,0.7049163400322311,0.016520893633719,0.27095352409884804,0.007609242235201854
SAI,British Grand Prix,Bad at both,Bad at both,0.7329536289840323,0.01683578043489145,0.24485702732755577,0.0053535632535205175
ALB,British Grand Prix,Good in straights,Good in straights,0.09946634904903393,0.013574282806669136,0.05406817470421586,0.8328911934400809
HUL,British Grand Prix,Bad at both,Bad at both,0.9904453844686595,0.0003152041506552683,0.00865234688855259,0.0005870644921327912
BEA,British Grand Prix,Good in corners,Good in corners,5.7101891285892226e-05,0.004595082162753996,0.9952681229425772,7.969300338292718e-05
GAS,British Grand Prix,Good in straights,Good in straights,0.07187748592990605,0.03656446012188434,0.06782604914291139,0.8237320048052983
NOR,British Grand Prix,Good in straights,Good in straights,9.097133626084972e-05,0.005200451950158255,0.000685823599379376,0.9940227531142015
TSU,British Grand Prix,Good in corners,Good in corners,0.12719762581641192,0.051950244822999606,0.7784245875110688,0.04242754184951944
GAS,British Grand Prix,Good in corners,Good in corners,0.15699378417873727,0.0019989437243201876,0.8249766575594591,0.016030614537483345
SAI,British Grand Prix,Good at both,Good at both,0.013029192497914703,0.9054302692413825,0.07428008797926527,0.007260450281437779
HAM,British Grand Prix,Good in straights,Good in straights,0.374099914515982,0.008854546941647331,0.04681323844131354,0.5702323001010569
HUL,British Grand Prix,Good in corners,Good in corners,0.07636936374997255,0.011147861239900579,0.9067483277690024,0.005734447241124524
NOR,British Grand Prix,Good at both,Good at both,4.834017690760202e-07,0.9992039636568077,0.00063739551714676,0.00015815742427633948
HUL,British Grand Prix,Good at both,Good at both,0.0054645263426017655,0.9730205457489363,0.002232420552447979,0.01928250735601392
VER,British Grand Prix,Good in corners,Good at both,0.06297712241799602,0.380286504666726,0.3764484404006472,0.18028793251463077
TSU,British Grand Prix,Good at both,Good at both,0.0014693179873924496,0.9717714174874403,0.0003306460522126373,0.026428618472954815
HAM,British Grand Prix,Good in straights,Good in straights,0.11423255812023785,0.13371577710406013,0.15151740519555512,0.6005342595801471
VER,British Grand Prix,Bad at both,Bad at both,0.9279067150093473,0.023666691016462803,0.03707346113956266,0.01135313283462726
HUL,British Grand Prix,Good in straights,Good in straights,0.00902889266136854,0.007422304155580268,0.014306891158066232,0.9692419120249849
HAM,British Grand Prix,Good in straights,Good in straights,0.02524373838182755,0.017829404208737173,0.06033225416937524,0.8965946032400598
VER,British Grand Prix,Good at both,Good at both,1.7726833123929293e-07,0.9993280369982919,0.0001244875246751131,0.0005472982087016976
SAI,British Grand Prix,Bad at both,Good in straights,0.1849409672103623,0.14484137974033762,0.292402055497432,0.3778155975518681
GAS,British Grand Prix,Good at both,Good at both,0.0014198186064829504,0.9923330261152137,0.002735134127002608,0.003512021151300883
SAI,British Grand Prix,Bad at both,Bad at both,0.9810724862540355,0.0035795528108582206,0.0037797975969526697,0.011568163338153328
PIA,British Grand Prix,Good at both,Good at both,1.0480634265677243e-06,0.9989674455976103,0.0008274236936440438,0.00020408264531891776
TSU,British Grand Prix,Good at both,Good at both,0.0027999938939681224,0.9761130764116236,0.0007340394075015313,0.02035289028690688
HAM,British Grand Prix,Bad at both,Bad at both,0.9847086602162487,0.000356289380084321,0.014660175704711797,0.00027487469895503804
HUL,British Grand Prix,Bad at both,Bad at both,0.582228882657182,0.030393790077033685,0.34846945895887826,0.038907868306905936
OCO,British Grand Prix,Bad at both,Bad at both,0.9205615441646108,0.004415014209166473,0.0015547433842826167,0.07346869824193991
HAM,British Grand Prix,Good in corners,Good in corners,1.568807540819861e-06,9.806643318223615e-07,0.9999966725615342,7.779665930968893e-07
HUL,British Grand Prix,Bad at both,Bad at both,0.561432685157964,0.011904934870504931,0.006860968530832077,0.41980141144069916
SAI,British Grand Prix,Good at both,Good at both,0.001431496688925648,0.9777190307313047,0.016953325494079383,0.0038961470856900696
RUS,British Grand Prix,Good in corners,Good in corners,0.00012001868029118626,0.0022539598210746517,0.9975631523439576,6.286915467664608e-05
OCO,British Grand Prix,Good in corners,Good in corners,0.17701669550630947,0.009032175021075497,0.812729331556091,0.0012217979165241202
HAM,British Grand Prix,Good in corners,Good in corners,0.012393563416890664,0.06694129116732499,0.9119635885375822,0.008701556878202104
PIA,British Grand Prix,Good at both,Good at both,1.4409019479762042e-05,0.9949033470067274,5.377645304250461e-05,0.0050284675207502615
STR,British Grand Prix,Good in corners,Good at both,0.07205286119714754,0.19579138622680678,0.6771861975940636,0.05496955498198184
SAI,British Grand Prix,Good at both,Good at both,7.789204260851077e-07,0.9987791049258877,0.0006348308148674128,0.0005852853388189502
HUL,British Grand Prix,Bad at both,Bad at both,0.6708865864527047,0.02008207518588164,0.03784456085328203,0.27118677750813147
PIA,British Grand Prix,Good at both,Good in straights,0.02345522585243047,0.5485134427109992,0.0034267158606972824,0.4246046155758733
SAI,British Grand Prix,Bad at both,Bad at both,0.9156836921838735,0.01814428546918078,0.03472528458568864,0.03144673776125693
RUS,British Grand Prix,Good in corners,Good in corners,0.005428529334156303,0.0050707583768287885,0.9891662132807315,0.0003344990082833559
GAS,British Grand Prix,Bad at both,Bad at both,0.9873098740334201,0.0007008035726144849,0.0001668688938478356,0.011822453500117604
PIA,British Grand Prix,Good at both,Good at both,7.718763907153735e-06,0.9958631078201774,0.004035309778670239,9.38636372450373e-05
OCO,British Grand Prix,Bad at both,Bad at both,0.8222685579102975,0.0014186366509943784,0.17603223496887607,0.00028057046983212433
HAM,British Grand Prix,Good at both,Good at both,0.15585670051279837,0.29958102280252635,0.33135283671259513,0.21320943997208008
HUL,British Grand Prix,Bad at both,Bad at both,0.7067160751367357,0.09508239640855702,0.07219477303625624,0.1260067554184507
VER,British Grand Prix,Bad at both,Bad at both,0.5880833551166535,0.03244773977248264,0.3666496805755269,0.012819224535337062
PIA,British Grand Prix,Good in straights,Good in straights,0.018752658653509308,0.0861343537631039,0.005179865943249109,0.8899331216401376
ALO,British Grand Prix,Bad at both,Bad at both,0.9922452649003439,0.003243303739716095,0.0009254917244366963,0.0035859396355034513
OCO,British Grand Prix,Good at both,Good at both,0.033650034641019025,0.7830169212551574,0.16484082625897015,0.018492217844853283
VER,British Grand Prix,Good in corners,Good in corners,0.025406734076232364,0.0789896247614634,0.8539384313328562,0.04166520982944805
BEA,British Grand Prix,Good in straights,Good in straights,9.634634822132327e-05,0.002038199191849012,0.00017602388662378769,0.9976894305733061
VER,British Grand Prix,Bad at both,Bad at both,0.6370899145423857,0.03227733891708595,0.006666652074116221,0.32396609446641206
RUS,British Grand Prix,Good at both,Good at both,7.80126278434204e-07,0.9987280308962884,0.0006009933677672889,0.0006701956096661404
ALB,British Grand Prix,Good at both,Good at both,3.039574567044942e-06,0.9973766778274966,0.002278295780186628,0.0003419868177495967
HAM,British Grand Prix,Bad at both,Good at both,0.1811715651145565,0.14456648396993346,0.32726086072941146,0.3470010901860986
GAS,British Grand Prix,Good in corners,Good in corners,0.001461809137699852,0.001840521380639691,0.9965629142386713,0.00013475524298948958
HAD,British Grand Prix,Good in corners,Good in corners,0.0022142180690246276,0.00022499547233654598,0.9974948057471696,6.598071146914547e-05
STR,British Grand Prix,Good in corners,Good in corners,0.10181479086842311,0.01901667928380391,0.8639371317947523,0.015231398053020682
ALB,Belgian Grand Prix,Bad at both,Bad at both,0.9999996554306404,3.3333355007174616e-08,9.344531673812742e-08,2.1779068799345585e-07
VER,Belgian Grand Prix,Good in straights,Good in straights,0.002248265175407919,0.23551175782197292,0.0006215386072851371,0.7616184383953339
OCO,Belgian Grand Prix,Bad at both,Bad at both,0.9999998164247882,3.3333340529944946e-08,5.0121297814999466e-08,1.0012057371362727e-07
HAD,Belgian Grand Prix,Good in corners,Good in corners,0.042886016516315226,0.010442849047818994,0.9433925664808631,0.003278567955002659
HAM,Belgian Grand Prix,Good at both,Good at both,0.013572071067625112,0.9535163133148511,0.026524224083858686,0.006387391533665136
PIA,Belgian Grand Prix,Good in corners,Good in corners,0.024961145661121988,0.005129909234058076,0.9694201362635387,0.0004888088412809815
PIA,Belgian Grand Prix,Good in straights,Good in straights,0.005790167984568146,0.0007285625141057922,0.0002022602469795299,0.9932790092543465
STR,Belgian Grand Prix,Bad at both,Bad at both,0.3752060757014293,0.13356413564725422,0.16601021863757473,0.3252195700137415
BEA,Belgian Grand Prix,Bad at both,Bad at both,0.9999987054300499,3.333374179156971e-08,1.1323506750415955e-06,1.2888553330334477e-07
LEC,Belgian Grand Prix,Good at both,Good at both,0.001992206782074493,0.9978073496644785,0.00015416074663977347,4.6282806807100073e-05
LEC,Belgian Grand Prix,Good in straights,Good in straights,0.008270878334824103,0.05044097996963203,0.0012904937507008964,0.939997647944843
ANT,Belgian Grand Prix,Bad at both,Bad at both,0.9999449555665726,3.430368054173468e-08,4.5219097096664844e-05,9.791032650086305e-06
VER,Belgian Grand Prix,Good in corners,Good in corners,0.1297689479670927,0.011125432345969898,0.8561700256888145,0.00293559399812308
PIA,Belgian Grand Prix,Good at both,Good at both,0.00807337644027303,0.9834343749256665,0.007210939503782633,0.0012813091302777168
BOR,Belgian Grand Prix,Good in corners,Good in corners,0.05217004075819116,0.026338040154410002,0.9178520421054459,0.003639876981953055
GAS,Belgian Grand Prix,Good at both,Good at both,0.001507831250366242,0.9949117522766818,0.00016362116732396433,0.0034167953056279785
HAD,Belgian Grand Prix,Bad at both,Bad at both,0.999970471617985,3.361862500108924e-08,2.9304449949202926e-05,1.9031344094081784e-07
RUS,Belgian Grand Prix,Good at both,Good at both,0.00045545954262005204,0.9995196640813545,1.4489062983901724e-05,1.0387313041722824e-05
LEC,Belgian Grand Prix,Good at both,Good at both,0.0007445224119790194,0.8825811706083149,9.553894723139103e-05,0.11657876803247483
HAM,Belgian Grand Prix,Good at both,Good at both,0.009067388561168389,0.9831322977427136,0.001222047644387954,0.0065782660517300275
GAS,Belgian Grand Prix,Good at both,Good at both,0.0008187642916670628,0.999077263411501,3.868557210686831e-05,6.528672472478078e-05
LEC,Belgian Grand Prix,Good at both,Good at both,0.0017662676883392812,0.9978273348412465,0.0003170759549055212,8.932151550879802e-05
GAS,Belgian Grand Prix,Good at both,Good in straights,0.003773330795612006,0.7589919926575108,0.0005326658236130909,0.23670201072326372
RUS,Belgian Grand Prix,Good at both,Good at both,3.8447470380931665e-08,0.9999783719292393,8.887439688651773e-08,2.150074889340378e-05
NOR,Belgian Grand Prix,Good in straights,Good in straights,0.0051349486472107774,0.00024977713805135633,0.0002729670546078086,0.9943423071601302
COL,Belgian Grand Prix,Good at both,Good in straights,0.0006397483608923228,0.5300552908597281,8.134307148831941e-05,0.4692236177078911
ALB,Belgian Grand Prix,Good at both,Good at both,0.16892299807780212,0.5029446204408191,0.23718671329811264,0.09094566818326603
PIA,Belgian Grand Prix,Bad at both,Bad at both,0.3694490964515759,0.05587111682544825,0.30075773207805506,0.27392205464492086
LEC,Belgian Grand Prix,Bad at both,Bad at both,0.999997091972565,3.3335905953798606e-08,5.000802162813839e-08,2.8246835076332798e-06
BOR,Belgian Grand Prix,Bad at both,Bad at both,0.5216064207590259,0.043219797566420824,0.04629185240514749,0.38888192926940585
LAW,Belgian Grand Prix,Good in corners,Good in corners,0.15793572045885806,0.006984263033970239,0.8346736260960138,0.0004063904111578999
LAW,Belgian Grand Prix,Bad at both,Bad at both,0.6746406558374017,0.007049186569444402,0.006037072855476238,0.3122730847376774
TSU,Belgian Grand Prix,Bad at both,Bad at both,0.6161748503033668,0.01412909386041055,0.3649762687335025,0.00471978710272022
ALB,Belgian Grand Prix,Good at both,Good at both,2.4778290047343403e-07,0.9999842734885795,1.4450391210914623e-05,1.02833730911586e-06
LAW,Belgian Grand Prix,Good at both,Good at both,0.04578171392579849,0.8141848964914334,0.0948534270831056,0.045179962499662586
OCO,Belgian Grand Prix,Bad at both,Bad at both,0.9999998020053132,3.333334004929531e-08,9.712577682045391e-08,6.75355697007437e-08
HAD,Belgian Grand Prix,Bad at both,Bad at both,0.9999997916943885,3.333333970559746e-08,8.614164014885589e-08,8.883063197281632e-08
HAD,Belgian Grand Prix,Good in corners,Good in corners,0.0327126258240766,0.005587507917479715,0.961452253283149,0.00024761297529479656
ALB,Belgian Grand Prix,Good at both,Good at both,0.0018087893931768258,0.9970614667778188,0.00017967724060529884,0.0009500665883990172
VER,Belgian Grand Prix,Good at both,Good at both,0.01315444431542034,0.6685295635405643,0.004603863561568568,0.3137121285824467
NOR,Belgian Grand Prix,Good in straights,Good in straights,0.10927886538276203,0.03596728756364759,0.024731454964274972,0.8300223920893156
PIA,Belgian Grand Prix,Bad at both,Bad at both,0.9979364105942664,1.4279999391197338e-06,0.0020545593269532102,7.602078841430647e-06
HAD,Belgian Grand Prix,Good at both,Good at both,0.0010311683332801934,0.9052983121062685,0.09250913360911034,0.001161385951340859
OCO,Belgian Grand Prix,Bad at both,Bad at both,0.9999998064894408,3.333334061595293e-08,5.217337560318778e-08,1.0800384306466396e-07
LEC,Belgian Grand Prix,Good at both,Good at both,1.2158641565705677e-08,0.9999995523837063,6.299141399428613e-08,3.724662380263619e-07
VER,Belgian Grand Prix,Good at both,Good at both,0.035128002662902794,0.730681818685826,0.1622315150062524,0.07195866364501831
STR,Belgian Grand Prix,Good at both,Good at both,0.0019129769033018136,0.991573280076722,0.00017853873274453907,0.006335204287231828
ALO,Belgian Grand Prix,Bad at both,Bad at both,0.9999998047725706,3.333334014153733e-08,5.71438703130874e-08,1.047502189782007e-07
VER,Belgian Grand Prix,Bad at both,Bad at both,0.9999990822871333,3.3333551285495166e-08,6.6818024871244e-07,2.1619906676313684e-07
VER,Belgian Grand Prix,Bad at both,Bad at both,0.999430743895882,1.893894830829543e-07,0.0005610755493085933,7.991165326213203e-06
RUS,Belgian Grand Prix,Good at both,Good at both,0.00023546507891381745,0.9609909074747235,2.7370032138186007e-05,0.038746257414224335
GAS,Belgian Grand Prix,Good at both,Good at both,2.4163164567431182e-08,0.999997651784009,7.624064458477731e-08,2.247812181887617e-06
LAW,Belgian Grand Prix,Bad at both,Bad at both,0.9999998139137981,3.333334044624521e-08,5.142671890657578e-08,1.0132614236863201e-07
LAW,Belgian Grand Prix,Bad at both,Bad at both,0.4860810484336765,0.09900830377251686,0.25734801229132326,0.1575626355024838
TSU,Belgian Grand Prix,Bad at both,Bad at both,0.9999967600782907,3.333819801977261e-08,2.419324702400526e-06,7.872588087473254e-07
STR,Belgian Grand Prix,Bad at both,Bad at both,0.9999998156346684,3.3333340503607595e-08,9.998920341835319e-08,5.104278761862527e-08
LAW,Belgian Grand Prix,Bad at both,Bad at both,0.9999925038398215,3.33494932051054e-08,6.491724524958541e-06,9.710861602341645e-07
NOR,Belgian Grand Prix,Good at both,Good at both,0.02233537181346211,0.7274515250573496,0.008372241331911646,0.2418408617972771
HAM,Belgian Grand Prix,Bad at both,Bad at both,0.5640783559509093,0.08625101617709607,0.28753240617568737,0.06213822169630745
LAW,Belgian Grand Prix,Good in corners,Good in corners,0.006095628839956316,0.00267921622172785,0.9910623766128276,0.00016277832548800187
OCO,Belgian Grand Prix,Bad at both,Bad at both,0.7901705738157897,0.005747805431759384,0.19536800660707623,0.00871361414537471
LAW,Belgian Grand Prix,Good at both,Good at both,0.03900375351354082,0.834849925906605,0.10230390681676028,0.02384241376309383
LAW,Belgian Grand Prix,Good in straights,Good in straights,0.3571177595787561,0.06846674411456363,0.012233916474729179,0.5621815798319509
ALO,Belgian Grand Prix,Bad at both,Bad at both,0.9999998148484761,3.333334047740117e-08,5.093057158427992e-08,1.0088761182768342e-07
GAS,Belgian Grand Prix,Good at both,Good at both,0.00010311745944045891,0.9865892163648183,8.626984535679559e-05,0.01322139633038451
ALB,Belgian Grand Prix,Good at both,Good at both,0.0007430690671761481,0.996614294537532,0.002578015363913326,6.462103137848445e-05
LEC,Belgian Grand Prix,Good in straights,Good in straights,0.008041283971436167,0.04529667264023566,0.004765625494917498,0.9418964178934105
HAM,Belgian Grand Prix,Good in corners,Good in corners,0.18907054305008586,0.1461041303025437,0.5914558269017093,0.07336949974566116
HAD,Belgian Grand Prix,Good in corners,Good in corners,0.20735581775071674,0.0017040699962257606,0.7907249929270677,0.00021511932598986395
OCO,Belgian Grand Prix,Bad at both,Bad at both,0.9999997345325274,3.333334857237504e-08,9.578004138959626e-08,1.3635408258962714e-07
RUS,Belgian Grand Prix,Good at both,Good at both,2.534831782988079e-07,0.9994998867078376,6.229239093010776e-07,0.0004992368850745883
NOR,Belgian Grand Prix,Good at both,Good at both,0.0009285113203287764,0.9990019347083041,4.421176640706151e-05,2.5342204959898204e-05
LEC,Belgian Grand Prix,Good at both,Good in corners,0.08034911375020089,0.49757334006304266,0.3825595556692482,0.03951799051750816
BOR,Belgian Grand Prix,Bad at both,Bad at both,0.9999998125707023,3.333334048871377e-08,5.24510925018877e-08,1.0164486488439167e-07
VER,Belgian Grand Prix,Good in straights,Good in straights,0.10757820988759231,0.12408570428741363,0.03158735828536499,0.7367487275396292
LAW,Belgian Grand Prix,Bad at both,Bad at both,0.9999486304823513,2.0613991179568225e-07,3.976989787628443e-05,1.1393479860749776e-05
HAD,Belgian Grand Prix,Good in corners,Good in corners,0.022138046053741884,0.004815287720006485,0.9709425777132574,0.002104088512993977
SAI,Belgian Grand Prix,Bad at both,Bad at both,0.9999996010581524,3.3333386391130806e-08,2.3832079147940187e-07,1.2728766985015187e-07
COL,Belgian Grand Prix,Good at both,Good at both,0.03629151383215853,0.7444591715273463,0.010520324869852255,0.20872898977064297
NOR,Belgian Grand Prix,Good at both,Good at both,0.0064652780105938145,0.990796119917819,0.0018258996643983237,0.0009127024071887066
HUL,Belgian Grand Prix,Good in corners,Good in corners,0.045852215285031105,0.17715465405277733,0.7446178135726105,0.03237531708958099
OCO,Belgian Grand Prix,Bad at both,Bad at both,0.9999994322974444,3.3333410909812405e-08,2.1967643253692648e-07,3.1469271211102787e-07
NOR,Belgian Grand Prix,Good at both,Good at both,0.0006807437765141292,0.4861258717744177,0.0001536306927551638,0.5130397537563132
RUS,Belgian Grand Prix,Good at both,Good at both,0.0028974099086771007,0.9965274963201842,0.0002438556279440207,0.00033123814319484045
RUS,Belgian Grand Prix,Good at both,Good at both,2.7853768258735384e-07,0.9997424082120505,3.337157505919668e-07,0.0002569795345163876
PIA,Belgian Grand Prix,Good in straights,Good in straights,1.6207903828087616e-07,2.807224096984163e-07,1.08001653948622e-07,0.999999449196898
GAS,Belgian Grand Prix,Good in straights,Good in straights,0.1437363437656701,0.0911275871379793,0.02371278072361217,0.7414232883727383
VER,Belgian Grand Prix,Good at both,Good at both,0.06366988724737585,0.8038386472749164,0.12018381651506432,0.012307648962643565
STR,Belgian Grand Prix,Good in straights,Bad at both,0.16866315204562854,0.03678287523033492,0.02692857431420159,0.7676253984098349
LEC,Belgian Grand Prix,Good at both,Good at both,0.013345747776480187,0.9657286610354167,0.016440199341621164,0.0044853918464821145
BOR,Belgian Grand Prix,Good in straights,Good in straights,0.1083240732539966,0.022401530956823675,0.002816925289833117,0.8664574704993466
BOR,Belgian Grand Prix,Good in straights,Good in straights,0.31214835551128595,0.07659914861120355,0.0348970039715241,0.5763554919059865
OCO,Belgian Grand Prix,Good at both,Good at both,0.21312385649635102,0.6389310195695035,0.09506637906888381,0.052878744865261666
LEC,Belgian Grand Prix,Good at both,Good at both,0.018030697121048413,0.963786883340744,0.008154206547433176,0.010028212990774306
HAM,Belgian Grand Prix,Good in corners,Good in corners,0.03523376505873537,0.004968458364734413,0.9592813007422607,0.000516475834269843
GAS,Belgian Grand Prix,Good in straights,Good in straights,0.04848971075494278,0.021062170014481376,0.011492536829957337,0.9189555824006185
STR,Belgian Grand Prix,Bad at both,Bad at both,0.999999704651945,3.333334494975968e-08,1.625602551773413e-07,9.945445495732935e-08
OCO,Belgian Grand Prix,Good at both,Good at both,0.0186394036782225,0.7346418836572409,0.007490018754387868,0.23922869391014848
LAW,Belgian Grand Prix,Good in corners,Good in corners,0.0787233663262067,0.35870147574015054,0.5191725661331508,0.04340259180049185
COL,Belgian Grand Prix,Good at both,Good in straights,0.000359772276182803,0.8417301770110833,5.134853659113346e-05,0.15785870217614256
LAW,Belgian Grand Prix,Bad at both,Bad at both,0.43005781832308015,0.08818097641124674,0.26619205352082087,0.21556915174485236
LEC,Belgian Grand Prix,Bad at both,Bad at both,0.9999848226542806,3.340877346842853e-08,5.012089935642966e-08,1.5093816046772134e-05
LAW,Belgian Grand Prix,Good in corners,Good in corners,0.007187180270357805,0.334870325095774,0.6567820601790127,0.0011604344548554134
NOR,Belgian Grand Prix,Bad at both,Bad at both,0.9999867060749538,3.338582401883839e-08,1.240709514278635e-05,8.534440793805668e-07
GAS,Belgian Grand Prix,Bad at both,Bad at both,0.9999998110220402,3.3333340349853175e-08,5.304875123962343e-08,1.0259586820767363e-07
