,Time,X,Y,Z,Speed,LapNumber,Delta_Angle,IsCorner
25813,0 days 00:57:15.453000,-688.0,379.0,247.0,227.81944533333333,1,0.0,False
25814,0 days 00:57:15.466000,-676.4440917905304,384.54421470492156,246.81512731462144,228.0,1,0.0,False
25815,0 days 00:57:15.746000,-506.985536622799,466.1783458760039,243.52320067589008,237.0,1,0.0,False
25816,0 days 00:57:15.833000,-460.0,486.0,243.0,238.9031208,1,0.0,False
25817,0 days 00:57:16.066000,-315.6292776538486,537.667673784601,243.05635877531154,244.0,1,0.0,False
25818,0 days 00:57:16.333000,-163.0,582.0,244.0,249.72142994285716,1,0.0,False
25819,0 days 00:57:16.346000,-157.33220587080166,583.3736099205897,244.01669487427463,250.0,1,0.0,False
25820,0 days 00:57:16.506000,-97.17945128769543,595.1541003520628,244.0231921413677,254.0,1,0.0,False
25821,0 days 00:57:16.573000,-65.0,600.0,244.0,254.76136436363637,1,0.0,False
25822,0 days 00:57:16.813000,104.0,621.0,244.0,257.4886370909091,1,0.0,False
25823,0 days 00:57:16.946000,206.65738237872378,628.2567791864462,244.03423754727768,259.0,1,0.0,False
25824,0 days 00:57:17.153000,364.0,632.0,244.0,259.0,1,0.0,False
25825,0 days 00:57:17.186000,387.9522366325995,631.9142104554861,243.9649224933484,259.0,1,0.0,False
25826,0 days 00:57:17.466000,580.8848183803327,622.6194738160702,243.64553265826177,267.0,1,0.0,False
25827,0 days 00:57:17.553000,641.0,615.0,244.0,267.8156232,1,0.0,False
25828,0 days 00:57:17.693000,744.0,596.0,245.0,269.1281256,1,0.0,False
25829,0 days 00:57:17.786000,829.8518546996324,574.8372129102245,245.2314351284837,270.0,1,0.0,False
25830,0 days 00:57:17.973000,1009.0,524.0,245.0,272.67142948571427,1,0.0,False
25831,0 days 00:57:18.066000,1068.419692655418,505.7714407023443,245.1025798974437,274.0,1,0.0,False
25832,0 days 00:57:18.266000,1159.2828976862795,473.0623530506033,245.85372183313663,276.0,1,0.0,False
25833,0 days 00:57:18.293000,1175.0,467.0,246.0,276.3375008,1,0.0,False
25834,0 days 00:57:18.506000,1333.0393686947555,403.80283817864205,247.45797950342507,279.0,1,0.0,False
25835,0 days 00:57:18.593000,1397.0,376.0,248.0,279.3107136,1,0.0,False
25836,0 days 00:57:18.786000,1515.9560843487393,317.25084645292606,248.82008129297904,280.0,1,0.0,False
25837,0 days 00:57:18.893000,1581.0,282.0,249.0,281.07000064,1,0.0,False
25838,0 days 00:57:19.133000,1740.0,191.0,249.0,283.47000064,1,0.0,False
25839,0 days 00:57:19.186000,1773.0224570115372,170.5182485446963,249.18809971228166,284.0,1,0.0,False
25840,0 days 00:57:19.333000,1875.0,105.0,250.0,285.57500068571426,1,0.0,False
25841,0 days 00:57:19.466000,2019.1789372912322,14.088421571058557,250.58294750917005,287.0,1,0.0,False
25842,0 days 00:57:19.632000,2187.0,-91.0,251.0,288.7785700571429,1,0.0,False
25843,0 days 00:57:19.746000,2227.7334350405285,-116.63647993017418,251.0500578376811,290.0,1,0.0,False
25844,0 days 00:57:19.873000,2255.0,-134.0,251.0,291.2763812113829,1,0.0,False
25845,0 days 00:57:19.945000,2289.9116614551353,-156.10091949536002,250.98473139610985,292.0,1,0.0,False
25846,0 days 00:57:20.133000,2434.0,-247.0,251.0,293.1750016,1,0.0,False
25847,0 days 00:57:20.265000,2560.352829614536,-326.3182800498289,251.07286843629473,294.0,1,0.0,False
25848,0 days 00:57:20.393000,2670.0,-395.0,251.0,294.3987536555741,1,0.0,False
25849,0 days 00:57:20.586000,2758.973764533737,-450.5826166566233,250.31020743430824,295.0,1,0.0,False
25850,0 days 00:57:20.693000,2809.0,-482.0,250.0,295.4458336,1,0.0,False
25851,0 days 00:57:20.826000,2898.431163453262,-538.4367555185943,249.93225196064822,296.0,1,0.0,False
25852,0 days 00:57:20.933000,2976.0,-587.0,250.0,296.0,1,0.0,False
25853,0 days 00:57:21.026000,3037.7038370415657,-624.9965890865267,250.0670592627858,296.0,1,-0.42315343117933135,False
25854,0 days 00:57:21.113000,3102.0,-664.0,250.0,296.0,1,-0.437151120302744,False
25855,0 days 00:57:21.186000,3168.821317674404,-704.2092307799949,249.75126760812861,296.0,1,-0.4058046753416469,False
25856,0 days 00:57:21.386000,3391.3769304026246,-837.1266789918393,248.40236943634153,297.0,1,-0.43367312720684204,False
25857,0 days 00:57:21.493000,3470.0,-884.0,248.0,297.0,1,-0.41695020382273534,False
25858,0 days 00:57:21.546000,3492.8265745960384,-897.6068759349645,247.9468616991597,297.0,1,-0.4385812811306443,False
25859,0 days 00:57:21.733000,3541.0,-926.0,248.0,297.0,1,-0.4512940542390491,False
25860,0 days 00:57:21.746000,3547.8178282640547,-929.9919874245587,247.9638320283155,297.0,1,-0.47182960391637363,False
25861,0 days 00:57:21.906000,3669.527699036873,-1000.7921001573214,247.12907029283195,295.0,1,-0.493540389328669,False
25862,0 days 00:57:21.933000,3691.0,-1013.0,247.0,294.578124,1,-0.5219336240044491,True
25863,0 days 00:57:22.213000,3891.0,-1121.0,246.0,290.203124,1,-0.590362457584897,True
25864,0 days 00:57:22.226000,3900.0814132528426,-1125.7747242019825,245.91615667579703,290.0,1,-0.6010643322034137,True
25865,0 days 00:57:22.426000,4040.613509777459,-1199.12760273765,244.2319527652371,282.0,1,-0.6832016508394829,True
25866,0 days 00:57:22.473000,4073.0,-1216.0,244.0,278.6218888,1,-0.7038459510696998,True
25867,0 days 00:57:22.693000,4219.0,-1292.0,244.0,262.8093704,1,-0.8132190003509917,True
25868,0 days 00:57:22.746000,4252.641476104631,-1309.3724994071601,243.9691070900743,259.0,1,-0.8709317420354742,True
25869,0 days 00:57:22.853000,4318.0,-1343.0,244.0,248.2999936,1,-0.9398691113439178,True
25870,0 days 00:57:22.986000,4392.495733596984,-1381.3845611284753,244.95134088817952,235.0,1,-1.0108387932791456,True
25871,0 days 00:57:23.093000,4453.0,-1413.0,246.0,222.15999232000001,1,-1.0610015820962002,True
25872,0 days 00:57:23.186000,4509.653787434758,-1443.1209839071919,246.8283239931378,211.0,1,-1.1020738930744869,True
25873,0 days 00:57:23.333000,4591.0,-1486.0,248.0,194.09499264,1,-1.1746053092290494,True
25874,0 days 00:57:23.386000,4611.2207948597525,-1495.9712480092753,248.38946760053202,188.0,1,-1.1827639567888912,True
25875,0 days 00:57:23.746000,4747.964760025737,-1577.0869791291802,249.07104313305737,153.0,1,-1.2852027829398025,True
25876,0 days 00:57:23.753000,4755.0,-1582.0,249.0,152.4312656,1,-1.2751880656146792,True
25877,0 days 00:57:23.833000,4844.0,-1645.0,248.0,145.9312656,1,-1.3345034501571589,True
25878,0 days 00:57:23.906000,4905.991015786573,-1690.6528361406608,247.17758086536665,140.0,1,-1.3744393305551854,True
25879,0 days 00:57:24.146000,4952.482730710177,-1740.872244229405,245.54937656468297,130.0,1,-1.3977863893322253,True
25880,0 days 00:57:24.293000,4954.0,-1755.0,245.0,125.09999786666667,1,-1.3833845964035618,True
25881,0 days 00:57:24.386000,4959.311119492292,-1766.968303104625,244.76877892860395,122.0,1,-1.3783387688412698,True
25882,0 days 00:57:24.586000,4981.017777335117,-1800.7287670862474,244.52173871393674,114.0,1,-1.3888796022825365,True
25883,0 days 00:57:24.753000,4998.0,-1838.0,244.0,108.43333973333333,1,-1.3997682172215569,True
25884,0 days 00:57:24.946000,5010.727709742658,-1890.086781330361,243.02034758602028,102.0,1,-1.3975199959451277,True
25885,0 days 00:57:24.953000,5011.0,-1892.0,243.0,101.87500342857143,1,-1.3965839428864826,True
25886,0 days 00:57:25.173000,5012.0,-1951.0,243.0,97.94642742857143,1,-1.3934101821340712,True
25887,0 days 00:57:25.226000,5010.018005637281,-1965.1314066431605,243.02332577400648,97.0,1,-1.390662085582066,True
25888,0 days 00:57:25.373000,5001.0,-2003.0,243.0,95.1624992,1,-1.3839251337707317,True
25889,0 days 00:57:25.546000,4985.20219352454,-2043.9025753414894,242.91638532180403,93.0,1,-1.3712963313435027,True
25890,0 days 00:57:25.573000,4981.0,-2052.0,243.0,92.54999893333333,1,-1.3761715349831285,True
25891,0 days 00:57:25.733000,4947.0,-2109.0,244.0,89.88333226666667,1,-1.365901314912572,True
25892,0 days 00:57:25.786000,4936.312890494414,-2124.98860541502,244.2068543809839,89.0,1,-1.362081756742526,True
25893,0 days 00:57:25.946000,4909.5830325033785,-2158.5648567349026,244.15793662387028,90.0,1,-1.348004024179373,True
25894,0 days 00:57:26.146000,4881.813067871514,-2187.148039208316,243.99014196118634,91.0,1,-1.3596799089508371,True
25895,0 days 00:57:26.152000,4881.0,-2188.0,244.0,91.04285622857142,1,-1.3592193991481414,True
25896,0 days 00:57:26.426000,4842.198460722169,-2228.7846696390466,244.9832921918512,93.0,1,-1.3425899277472646,True
25897,0 days 00:57:26.433000,4841.0,-2230.0,245.0,93.15598466281074,1,-1.3333673976366718,True
25898,0 days 00:57:26.733000,4782.0,-2288.0,245.0,99.84123071174456,1,-1.318331395306465,True
25899,0 days 00:57:26.785000,4772.871655001975,-2296.955720776842,244.94430938893254,101.0,1,-1.32895778054685,True
25900,0 days 00:57:26.973000,4736.0,-2333.0,245.0,103.82000384,1,-1.2995351980528245,True
25901,0 days 00:57:26.985000,4732.593906148764,-2336.2925300690777,245.0460931750231,104.0,1,-1.3272788398426325,True
25902,0 days 00:57:27.153000,4677.0,-2390.0,246.0,115.15351808516401,1,-1.2756269286616917,True
25903,0 days 00:57:27.226000,4657.984368530146,-2408.7914831462767,246.20528736943794,120.0,1,-1.2523965166392936,True
25904,0 days 00:57:27.386000,4630.8679119075605,-2437.137358793537,246.06904798764933,125.0,1,-1.2350761022769001,True
25905,0 days 00:57:27.513000,4609.0,-2462.0,246.0,130.82082453333334,1,-1.1727986353138944,True
25906,0 days 00:57:27.626000,4585.280258095492,-2489.9821745851523,246.13549817834902,136.0,1,-1.1504747794042212,True
25907,0 days 00:57:27.733000,4558.0,-2527.0,246.0,136.8916672,1,-1.0446748655234506,True
25908,0 days 00:57:27.866000,4516.231055602595,-2594.0437636550155,244.92267001260998,138.0,1,-1.0141806473952766,True
25909,0 days 00:57:27.973000,4486.0,-2646.0,244.0,140.0805568,1,-0.9635069102609936,True
25910,0 days 00:57:28.226000,4454.924952919524,-2706.389105495421,243.60354500082985,145.0,1,-0.928758906194433,True
25911,0 days 00:57:28.426000,4445.080658275257,-2745.6045822391197,243.9776488264606,148.0,1,-0.8920694510552929,True
25912,0 days 00:57:28.453000,4443.0,-2754.0,244.0,148.42954647272728,1,-0.874219795111211,True
25913,0 days 00:57:28.673000,4423.0,-2843.0,244.0,151.9295424,1,-0.8603045239910319,True
25914,0 days 00:57:28.833000,4416.0,-2910.0,244.0,154.47499694545454,1,-0.9010871791728359,True
25915,0 days 00:57:28.866000,4415.249050786485,-2924.33420149135,243.99779495763522,155.0,1,-0.8370942964053198,True
25916,0 days 00:57:29.053000,4414.0,-3008.0,244.0,161.01071634285714,1,-0.8771424223365664,True
25917,0 days 00:57:29.146000,4414.311637183315,-3048.1827203728685,244.0617675808315,164.0,1,-0.8972018347728109,True
25918,0 days 00:57:29.213000,4414.0,-3082.0,244.0,167.3500032,1,-0.8872389395518501,True
25919,0 days 00:57:29.306000,4411.927036502029,-3141.739896645971,243.6230874415021,172.0,1,-0.8898787749328513,True
25920,0 days 00:57:29.433000,4407.0,-3226.0,243.0,174.2678537142857,1,-0.9451937216527401,True
25921,0 days 00:57:29.586000,4399.796785027985,-3289.3724991258,242.9504356997012,177.0,1,-0.9720212611457048,True
25922,0 days 00:57:29.746000,4387.716753328911,-3343.0763444983395,243.01361507199337,188.0,1,-1.0219670499707556,True
25923,0 days 00:57:29.753000,4387.0,-3346.0,243.0,188.1968696,1,-1.0242593071675268,True
25924,0 days 00:57:30.013000,4350.0,-3479.0,242.0,195.5093768,1,-1.0796459710613846,True
25925,0 days 00:57:30.066000,4340.41990261456,-3506.6243173903263,241.93790157412718,197.0,1,-1.1418511802348719,True
25926,0 days 00:57:30.213000,4310.0,-3581.0,242.0,199.94000128,1,-1.1656499734565113,True
25927,0 days 00:57:30.266000,4297.314057089609,-3607.2640830084315,241.98841606938433,201.0,1,-1.195437909933938,True
25928,0 days 00:57:30.393000,4263.0,-3669.0,242.0,202.90499712,1,-1.2246272252068775,True
25929,0 days 00:57:30.466000,4240.648862495279,-3703.6347595514744,242.18691487817463,204.0,1,-1.2500890797933653,True
25930,0 days 00:57:30.613000,4190.0,-3771.0,243.0,208.00909265454544,1,-1.2752048855114677,True
25931,0 days 00:57:30.833000,4101.0,-3864.0,245.0,214.00908567272728,1,-1.3009475783699873,True
25932,0 days 00:57:30.906000,4068.055149294542,-3892.7953908507748,245.48305213324613,216.0,1,-1.32956245621799,True
25933,0 days 00:57:30.993000,4026.0,-3926.0,246.0,217.73999616,1,-1.3366258473646706,True
25934,0 days 00:57:31.253000,3891.0,-4015.0,248.0,222.94000128,1,-1.3463405365114722,True
25935,0 days 00:57:31.306000,3869.6170022258757,-4028.455366240036,248.40031036839807,224.0,1,-1.3504797419067884,True
25936,0 days 00:57:31.546000,3730.779703656739,-4098.221923370201,250.873253713787,228.0,1,-1.3503638686372346,True
25937,0 days 00:57:31.553000,3722.0,-4102.0,251.0,228.1361073777778,1,-1.3521162034224754,True
25938,0 days 00:57:31.653000,3579.0,-4162.0,253.0,230.0805568,1,-1.3490611187348212,True
25939,0 days 00:57:31.906000,3481.988870430841,-4196.2604488707675,254.7411644618113,235.0,1,-1.343050189580364,True
25940,0 days 00:57:31.973000,3468.0,-4199.0,255.0,236.17250112,1,-1.3484214048517293,True
25941,0 days 00:57:32.293000,3265.0,-4247.0,257.0,241.77250112,1,-1.3220509271756544,True
25942,0 days 00:57:32.306000,3251.262318563779,-4249.165499270683,257.07723990565177,242.0,1,-1.323345431745636,True
25943,0 days 00:57:32.493000,3036.0,-4276.0,258.0,245.11666773333334,1,-1.2909855166363777,True
25944,0 days 00:57:32.546000,2992.3219962487874,-4280.412001215465,258.16992054928954,246.0,1,-1.2769803137221523,True
25945,0 days 00:57:32.746000,2912.6254283294597,-4283.360518778274,258.38721758246027,249.0,1,-1.261899894523453,True
25946,0 days 00:57:32.873000,2855.0,-4281.0,258.0,250.5874976,1,-1.2429994146732068,True
25947,0 days 00:57:32.906000,2834.7132385601794,-4280.251634940407,257.8224153092774,251.0,1,-1.234129319163267,True
25948,0 days 00:57:33.033000,2743.0,-4276.0,257.0,253.53999616,1,-1.1958704709241257,True
25949,0 days 00:57:33.106000,2689.768763644423,-4271.408143087913,256.6419120976048,255.0,1,-1.1749843727353442,True
25950,0 days 00:57:33.273000,2574.0,-4256.0,256.0,257.51758747425527,1,-1.1229532474968422,True
25951,0 days 00:57:33.305000,2553.713188763786,-4252.63850309438,255.84851713209886,258.0,1,-1.1027212734261438,True
25952,0 days 00:57:33.433000,2475.0,-4237.0,255.0,258.9142857142857,1,-1.062560027209146,True
25953,0 days 00:57:33.585000,2369.945492078717,-4209.667954823416,252.95012509304968,260.0,1,-0.9903332569334165,True
25954,0 days 00:57:33.733000,2266.0,-4177.0,251.0,263.2274179823543,1,-0.9261249409464147,True
25955,0 days 00:57:33.893000,2156.0,-4134.0,250.0,266.7165124686281,1,-0.8460060504785372,True
25956,0 days 00:57:33.906000,2145.149858756298,-4129.080669199832,249.91757976474005,267.0,1,-0.8027345140761627,True
25957,0 days 00:57:34.106000,1940.4203862591087,-4026.0811670788853,248.38976713661754,270.0,1,-0.698712988805228,True
25958,0 days 00:57:34.193000,1874.0,-3991.0,248.0,270.5437488,1,-0.6297459071144454,True
25959,0 days 00:57:34.266000,1840.6731189837053,-3972.901052008617,247.91418040294067,271.0,1,-0.5957391270671577,True
25960,0 days 00:57:34.426000,1798.0704836881353,-3946.8945707068906,248.01220027134576,273.0,1,-0.5278508849884108,True
25961,0 days 00:57:34.433000,1795.0,-3945.0,248.0,273.07777564444444,1,-0.5030246555048696,True
25962,0 days 00:57:34.673000,1638.0,-3848.0,247.0,275.74444231111113,1,-0.40027986736595933,False
25963,0 days 00:57:34.786000,1570.2936391963558,-3805.12496091901,246.8535744758887,277.0,1,-0.3703963506149331,False
25964,0 days 00:57:34.893000,1495.0,-3757.0,247.0,278.07000064,1,-0.29029594840408746,False
25965,0 days 00:57:35.113000,1272.0,-3615.0,248.0,280.26999808,1,-0.19748711400224814,False
25966,0 days 00:57:35.186000,1211.1609854837968,-3576.2863388392634,248.4381243628149,281.0,1,-0.149744012620659,False
25967,0 days 00:57:35.426000,1087.6427160879805,-3497.7077085478227,250.1083183635942,283.0,1,-0.09895253053960656,False
25968,0 days 00:57:35.633000,993.0,-3437.0,251.0,284.03499904,1,-0.057404741540718916,False
25969,0 days 00:57:35.826000,878.2676510601694,-3362.940803919701,251.0435577113979,285.0,1,-0.02001824802466336,False
25970,0 days 00:57:35.933000,791.0,-3307.0,251.0,285.53500032,1,0.028165785918225633,False
25971,0 days 00:57:36.026000,696.5946072337889,-3246.833326420032,251.0225191156043,286.0,1,0.03724321515157621,False
25972,0 days 00:57:36.233000,475.0,-3107.0,251.0,286.8624992,1,0.10229610886524217,False
25973,0 days 00:57:36.266000,448.380955785911,-3090.526948937621,250.93190402034202,287.0,1,0.10676474516121337,False
25974,0 days 00:57:36.506000,328.72153502605204,-3020.382902720824,249.87960752185953,288.0,1,0.16533151110564867,False
25975,0 days 00:57:36.653000,253.0,-2980.0,249.0,288.5250002285714,1,0.17663601194312198,False
25976,0 days 00:57:36.786000,159.50423143179515,-2930.7766049473535,248.17560070592347,289.0,1,0.2213800014164601,False
25977,0 days 00:57:36.853000,111.0,-2905.0,248.0,289.0,1,0.19984317992199713,False
25978,0 days 00:57:36.893000,83.0,-2890.0,248.0,289.0,1,0.22478851485199886,False
25979,0 days 00:57:36.986000,17.455817846801395,-2855.68939657031,247.73258652397936,289.0,1,0.24415010319458313,False
25980,0 days 00:57:37.213000,-145.0,-2779.0,246.0,284.1357129142857,1,0.26634453258825425,False
25981,0 days 00:57:37.266000,-182.81855274726252,-2763.888013871215,245.64026404412903,283.0,1,0.30049219881084344,False
25982,0 days 00:57:37.373000,-259.0,-2737.0,245.0,276.9812464,1,0.30821552141660213,False
25983,0 days 00:57:37.426000,-296.686708402142,-2725.635880356441,244.72301912908847,274.0,1,0.3448456912921462,False
25984,0 days 00:57:37.626000,-439.43817031484684,-2694.679597410112,244.02297284622867,265.0,1,0.35617146108048314,False
25985,0 days 00:57:37.653000,-459.0,-2692.0,244.0,264.3249984,1,0.36890300633313694,False
25986,0 days 00:57:37.753000,-532.0,-2685.0,244.0,261.8250048,1,0.3873262029192051,False
25987,0 days 00:57:37.786000,-556.0786399445989,-2683.468056022911,243.94212045149308,261.0,1,0.39098808778242566,False
25988,0 days 00:57:37.946000,-671.8313101952384,-2681.348367729772,243.16818322811287,256.0,1,0.4008284252857531,False
25989,0 days 00:57:37.973000,-691.0,-2682.0,243.0,255.43749866666667,1,0.406869339015231,False
25990,0 days 00:57:38.133000,-802.0,-2692.0,242.0,252.10416533333333,1,0.41027189780261536,False
25991,0 days 00:57:38.186000,-837.769211315198,-2697.491633025161,241.80672121668906,251.0,1,0.4101645347170603,False
25992,0 days 00:57:38.353000,-947.0,-2722.0,242.0,246.3031304,1,0.4140215977466278,False
25993,0 days 00:57:38.506000,-1042.268735182034,-2754.8556994228197,243.73128424496716,242.0,1,0.3975227429366674,False
25994,0 days 00:57:38.593000,-1098.0,-2780.0,245.0,241.4562512,1,0.39426381353333956,False
25995,0 days 00:57:38.826000,-1257.4132052336595,-2870.8849017609728,248.31281464685162,240.0,1,0.34411362973531406,False
25996,0 days 00:57:38.893000,-1299.0,-2896.0,249.0,239.1624992,1,0.33700523028983015,False
25997,0 days 00:57:38.986000,-1350.732199299022,-2927.1097948906327,249.6586967246186,238.0,1,0.30983007635348553,False
25998,0 days 00:57:39.266000,-1486.7697051594832,-3002.4571602777037,250.94458911777224,228.0,1,0.24798347932222178,False
25999,0 days 00:57:39.272000,-1490.0,-3004.0,251.0,227.82000384,1,0.3107855637572039,False
26000,0 days 00:57:39.453000,-1601.0,-3049.0,253.0,222.38999808,1,0.2813269012159247,False
26001,0 days 00:57:39.466000,-1610.7447050061573,-3051.9448340193467,253.106433245448,222.0,1,0.3021159242264114,False
26002,0 days 00:57:39.666000,-1777.4006179194764,-3088.998623157311,253.9111830464757,216.0,1,0.267388222351133,False
26003,0 days 00:57:39.693000,-1795.0,-3092.0,254.0,215.43749866666667,1,0.29859915988715313,False
26004,0 days 00:57:39.906000,-1875.2702570293109,-3097.5382576051034,254.84189874324696,211.0,1,0.2948778923726626,False
26005,0 days 00:57:39.973000,-1900.0,-3096.0,255.0,210.06685097725736,1,0.3019639746926245,False
26006,0 days 00:57:40.213000,-2025.0,-3083.0,255.0,206.72423080515966,1,0.3304160061316892,False
26007,0 days 00:57:40.265000,-2053.726229698197,-3077.1927848969854,255.01826646365274,206.0,1,0.3179118226923347,False
26008,0 days 00:57:40.553000,-2210.0,-3024.0,255.0,206.59875235974957,1,0.3722415455694949,False
26009,0 days 00:57:40.733000,-2304.0,-2976.0,254.0,206.97297311681737,1,0.4081066166864854,False
26010,0 days 00:57:40.746000,-2310.5841524170323,-2972.269477027599,253.90467616737334,207.0,1,0.43054536268720567,False
26011,0 days 00:57:41.306000,-2576.5322978445806,-2778.586488863828,249.08859696703092,215.0,1,0.6075162785654888,True
26012,0 days 00:57:41.353000,-2600.0,-2758.0,249.0,216.468744,1,0.6540476589095605,True
26013,0 days 00:57:41.466000,-2655.2882232923116,-2707.9369029504237,249.03111780606366,220.0,1,0.7033702567196951,True
26014,0 days 00:57:41.493000,-2665.0,-2699.0,249.0,220.482144,1,0.7955941929904837,True
26015,0 days 00:57:41.713000,-2702.0,-2667.0,248.0,224.41071085714285,1,0.8253781748115152,True
26016,0 days 00:57:41.746000,-2713.772641728652,-2658.242918783306,247.92316644655313,225.0,1,0.8640842377628221,True
26017,0 days 00:57:42.013000,-2885.0,-2543.0,248.0,224.25833315555556,1,1.015784195736397,True
26018,0 days 00:57:42.106000,-2949.785310321895,-2511.4833085786468,247.71529456450583,224.0,1,1.0845523240299226,True
26019,0 days 00:57:42.346000,-3105.4271632340797,-2463.129680389295,246.2843578841078,221.0,1,1.2114763351873865,True
26020,0 days 00:57:42.433000,-3148.0,-2453.0,246.0,218.5142912,1,1.2587096145195196,True
26021,0 days 00:57:42.626000,-3215.031251988981,-2442.0600278166817,246.00685440788124,213.0,1,1.346575631221659,True
26022,0 days 00:57:42.713000,-3253.0,-2441.0,246.0,211.1357184,1,1.3954233634143676,True
26023,0 days 00:57:42.906000,-3381.8800352590197,-2445.4247554426297,245.55555782674244,207.0,1,1.4836963714830265,True
26024,0 days 00:57:43.073000,-3507.0,-2459.0,245.0,206.30416746666666,1,1.5723556012845326,True
26025,0 days 00:57:43.146000,-3556.418042970742,-2468.339963187044,244.78583719005482,206.0,1,1.6439178740843001,True
26026,0 days 00:57:43.433000,-3716.0,-2516.0,244.0,203.60833493333334,1,1.7684595623308248,True
26027,0 days 00:57:43.506000,-3746.0848991735324,-2526.635656193852,243.76162651423502,203.0,1,1.8380014621996386,True
26028,0 days 00:57:43.773000,-3842.0,-2567.0,243.0,203.8343752,1,1.9391178776245361,True
26029,0 days 00:57:43.826000,-3866.210988894693,-2578.4520850098725,242.96274579841503,204.0,1,1.9645746755590496,True
26030,0 days 00:57:43.973000,-3942.0,-2618.0,243.0,202.52999936,1,2.063195318871883,True
26031,0 days 00:57:44.026000,-3970.6196998674227,-2635.5391245216993,243.0095182889282,202.0,1,2.098814680555061,True
26032,0 days 00:57:44.226000,-4079.1722153876217,-2713.340205298551,243.00361107705973,195.0,1,2.2495228985453717,True
26033,0 days 00:57:44.293000,-4110.0,-2738.0,243.0,191.98499712,1,2.303277361779541,True
26034,0 days 00:57:44.426000,-4159.988171337279,-2782.006522693945,242.9972275767618,186.0,1,2.361169255486851,True
26035,0 days 00:57:44.626000,-4213.0442537810795,-2840.4245332996616,243.00059509899953,178.0,1,2.437510984933577,True
26036,0 days 00:57:44.733000,-4241.0,-2876.0,243.0,174.656248,1,2.4996499818938194,True
26037,0 days 00:57:44.773000,-4252.0,-2891.0,243.0,173.406248,1,2.521565165008602,True
26038,0 days 00:57:44.786000,-4256.0088002478615,-2896.925276725389,243.0011123305647,173.0,1,2.5717174576653066,True
26039,0 days 00:57:45.026000,-4359.802807004125,-3083.50203898059,243.05008438206124,160.0,1,2.6316824439908486,True
26040,0 days 00:57:45.073000,-4375.0,-3113.0,243.0,158.531256,1,2.672592865551502,True
26041,0 days 00:57:45.346000,-4399.518221255054,-3179.3949130540454,242.21003113200152,150.0,1,2.682625552311815,True
26042,0 days 00:57:45.453000,-4403.0,-3217.0,242.0,146.17856914285716,1,2.703015759449673,True
26043,0 days 00:57:45.626000,-4416.521095037386,-3328.0010341800553,241.98588487813097,140.0,1,2.7136227087468767,True
26044,0 days 00:57:45.672000,-4419.0,-3357.0,242.0,139.04166933333335,1,2.717660369160562,True
26045,0 days 00:57:45.866000,-4417.576160006777,-3450.221603991683,242.02072245842513,135.0,1,2.7258343101877944,True
26046,0 days 00:57:46.093000,-4405.0,-3514.0,242.0,128.3791648,1,2.7145887200323164,True
26047,0 days 00:57:46.106000,-4404.427591267293,-3516.7117668972046,241.99864273266905,128.0,1,2.7137014971884508,True
26048,0 days 00:57:46.413000,-4391.0,-3567.0,242.0,121.09249856,1,2.6770816808547946,True
26049,0 days 00:57:46.506000,-4383.10753317253,-3589.889248116919,242.04449829353996,119.0,1,2.6491026863243596,True
26050,0 days 00:57:46.713000,-4353.0,-3656.0,242.0,117.2677826419007,1,2.639730300104986,True
26051,0 days 00:57:46.745000,-4345.995615686833,-3667.2472500272406,241.93003718404503,117.0,1,2.5100138256411895,True
26052,0 days 00:57:47.013000,-4271.0,-3762.0,241.0,117.0,1,2.4717350281656447,True
26053,0 days 00:57:47.026000,-4267.432039159418,-3765.8196025811867,240.9717428358412,117.0,1,2.4377730407029707,True
26054,0 days 00:57:47.793000,-4078.0,-3862.0,242.0,121.7937488,1,2.3569494697558078,True
26055,0 days 00:57:47.826000,-4067.540516718497,-3864.3081840388977,241.99334474421207,122.0,1,2.3337268624691183,True
26056,0 days 00:57:48.093000,-3976.0,-3881.0,242.0,125.3375008,1,2.287413899119589,True
26057,0 days 00:57:48.146000,-3958.269177432468,-3883.168106683982,242.20247708731287,126.0,1,2.1690450864983792,True
26058,0 days 00:57:48.273000,-3912.0,-3887.0,243.0,128.64582933333332,1,2.104590501482752,True
26059,0 days 00:57:48.386000,-3856.0636991658644,-3889.718340648179,244.01666196823777,131.0,1,1.98346104530368,True
26060,0 days 00:57:48.513000,-3791.0,-3892.0,245.0,136.64443591111112,1,1.9242813392396292,True
26061,0 days 00:57:48.746000,-3712.23657461649,-3893.832855216037,244.84736640174845,147.0,1,1.8331465027778822,True
26062,0 days 00:57:48.906000,-3661.264228868071,-3894.001565887491,245.37871075975244,155.0,1,1.7786496304083017,True
26063,0 days 00:57:48.953000,-3642.0,-3894.0,246.0,156.7624928,1,1.6842608324176338,True
26064,0 days 00:57:49.013000,-3615.0,-3894.0,247.0,159.0125024,1,1.583725271922691,True
26065,0 days 00:57:49.146000,-3554.937206265092,-3894.805494334845,247.84849798320337,164.0,1,1.5077247072898177,True
26066,0 days 00:57:49.233000,-3515.0,-3896.0,248.0,165.4499968,1,1.3680218041514034,True
26067,0 days 00:57:49.386000,-3441.8754973476393,-3899.388641686586,248.58548282879053,168.0,1,1.295837441266051,True
26068,0 days 00:57:49.513000,-3381.0,-3903.0,249.0,177.5249856,1,1.1849514219970305,True
26069,0 days 00:57:49.546000,-3365.486505974125,-3904.0002969494312,249.04904948264118,180.0,1,1.1569384000754699,True
26070,0 days 00:57:49.706000,-3287.5954788621398,-3910.0051916409766,249.0160345580008,187.0,1,1.0517721814092407,True
26071,0 days 00:57:49.753000,-3259.0,-3913.0,249.0,188.64499328,1,1.0134827947039484,True
26072,0 days 00:57:49.973000,-3101.0,-3933.0,249.0,196.34500224,1,0.8513625915495088,True
26073,0 days 00:57:50.106000,-3039.626982895665,-3941.3351796294423,248.88993989642478,201.0,1,0.8029858701499142,True
26074,0 days 00:57:50.306000,-2977.7958470623603,-3950.961592562932,248.41909659099704,208.0,1,0.7403330522593821,True
26075,0 days 00:57:50.393000,-2922.0,-3960.0,248.0,209.8642816,1,0.6767139221021135,True
26076,0 days 00:57:50.553000,-2781.0,-3983.0,247.0,213.29285302857141,1,0.6134996799392854,True
26077,0 days 00:57:50.586000,-2756.5289685782645,-3987.0446801756516,246.8410978744239,214.0,1,0.5974775116836988,True
26078,0 days 00:57:50.786000,-2667.4849592622836,-4002.370534499043,246.4236723067696,220.0,1,0.5672359826793809,True
26079,0 days 00:57:50.993000,-2563.0,-4024.0,246.0,225.1749952,1,0.44548037055985157,False
26080,0 days 00:57:51.186000,-2392.372133005305,-4060.79180217365,245.03498875041066,230.0,1,0.40616170838992427,False
26081,0 days 00:57:51.193000,-2387.0,-4062.0,245.0,230.10499712,1,0.37229783644506326,False
26082,0 days 00:57:51.386000,-2285.7347048940355,-4086.976128820151,244.1530984952336,233.0,1,0.34238593753585866,False
26083,0 days 00:57:51.546000,-2216.851782171906,-4101.622283839153,243.87935362128582,240.0,1,0.2879578767122434,False
26084,0 days 00:57:51.613000,-2167.0,-4109.0,244.0,241.34000128,1,0.2588899964620025,False
26085,0 days 00:57:51.746000,-2032.3298341856266,-4125.7307442974725,244.63705383799336,244.0,1,0.21198688195070065,False
26086,0 days 00:57:51.833000,-1951.0,-4135.0,245.0,245.73999616,1,0.17194303533330946,False
26087,0 days 00:57:51.946000,-1881.3225457332753,-4142.3250403753955,245.1150411885103,248.0,1,0.15645286489795954,False
26088,0 days 00:57:52.146000,-1816.441945380254,-4144.082440962999,244.72087136424852,252.0,1,0.1301629020200347,False
26089,0 days 00:57:52.252000,-1728.0,-4143.0,245.0,254.6499968,1,0.10554704628510034,False
26090,0 days 00:57:52.306000,-1663.4944310537992,-4142.139315917318,245.31997990686247,256.0,1,0.07694592745214213,False
26091,0 days 00:57:52.412000,-1527.0,-4140.0,246.0,257.656248,1,0.05124273939844563,False
26092,0 days 00:57:52.626000,-1392.5305239892903,-4134.876014675519,245.68554513650517,261.0,1,0.004634454826367885,False
26093,0 days 00:57:52.793000,-1324.0,-4130.0,245.0,263.50499712,1,-0.004726951858018174,False
26094,0 days 00:57:52.826000,-1305.7661443643017,-4128.931896197643,244.91904665720065,264.0,1,-0.03613868225375799,False
26095,0 days 00:57:53.026000,-1154.9716390174106,-4121.325745708907,244.97152578248378,267.0,1,-0.05261243134193505,False
26096,0 days 00:57:53.033000,-1148.0,-4121.0,245.0,267.0437488,1,-0.05814151564016784,False
26097,0 days 00:57:53.186000,-975.5887329707934,-4113.314191820384,245.95917576281136,268.0,1,-0.07385362662282086,False
26098,0 days 00:57:53.193000,-968.0,-4113.0,246.0,268.1312464,1,-0.07517967534460894,False
26099,0 days 00:57:53.346000,-821.9993876894423,-4107.645406893624,246.6228813465963,271.0,1,-0.08658830956693861,False
26100,0 days 00:57:53.613000,-634.0,-4103.0,247.0,274.81428662857144,1,-0.09969347613458632,False
26101,0 days 00:57:53.626000,-625.8870538767239,-4102.8225830514975,247.0197018382439,275.0,1,-0.09810880819428221,False
26102,0 days 00:57:53.786000,-533.2862120618071,-4100.948915982046,247.28668493681482,277.0,1,-0.1012095046001307,False
26103,0 days 00:57:53.946000,-445.964742038264,-4099.504522018659,247.61011655585733,279.0,1,-0.10635826637748819,False
26104,0 days 00:57:54.093000,-339.0,-4098.0,248.0,281.20500096,1,-0.10821279320045038,False
26105,0 days 00:57:54.146000,-293.2432759966948,-4097.399735455047,248.16359783338552,282.0,1,-0.10608370139048565,False
26106,0 days 00:57:54.346000,-96.91151029898595,-4094.949881595222,248.82854362803397,283.0,1,-0.10966859276408569,False
26107,0 days 00:57:54.433000,-24.0,-4094.0,249.0,283.96666453333336,1,-0.11200822386185884,False
26108,0 days 00:57:54.706000,136.3319109613751,-4091.6315891787362,248.98275166357493,287.0,1,-0.1175704735537035,False
26109,0 days 00:57:54.773000,181.0,-4091.0,249.0,287.67000064,1,-0.11537074163568532,False
26110,0 days 00:57:54.906000,287.19238031307754,-4089.566252627881,249.09732740457005,289.0,1,-0.1223315453051464,False
26111,0 days 00:57:54.953000,325.0,-4089.0,249.0,289.23499904,1,-0.1118736786187868,False
26112,0 days 00:57:55.106000,438.41873271596717,-4086.9624162059777,247.90116173233235,290.0,1,-0.12068195540509719,False
26113,0 days 00:57:55.233000,551.0,-4088.0,247.0,290.63499904,1,-0.11947007442484295,False
26114,0 days 00:57:55.506000,866.5043251162026,-4102.640378665404,246.9978684343994,292.0,1,-0.1260563693199271,False
26115,0 days 00:57:55.513000,872.0,-4103.0,247.0,292.0583317333333,1,-0.10977599694406182,False
26116,0 days 00:57:55.746000,969.9004630193506,-4115.240170331917,246.94467241484128,294.0,1,-0.1061116321253441,False
26117,0 days 00:57:55.773000,984.0,-4118.0,247.0,294.1928576,1,-0.09423877226240801,False
26118,0 days 00:57:56.013000,1176.0,-4159.0,248.0,295.9071433142857,1,-0.07811755101422906,False
26119,0 days 00:57:56.026000,1187.0145904838664,-4161.814881403774,248.02773784481295,296.0,1,-0.07538030821358671,False
26120,0 days 00:57:56.226000,1347.1848228412337,-4209.595417849123,247.99802573480258,298.0,1,-0.04800009825472141,False
26121,0 days 00:57:56.253000,1367.0,-4216.0,248.0,298.11250026666664,1,-0.0451298605930564,False
26122,0 days 00:57:56.466000,1518.9061992537927,-4267.7495829738145,248.18727806930463,299.0,1,-0.017920449254214692,False
26123,0 days 00:57:56.533000,1590.0,-4293.0,248.0,299.33500032,1,-0.0037583905835522585,False
26124,0 days 00:57:56.666000,1775.061873849861,-4359.235699758945,247.1439451728132,300.0,1,0.03765031462128317,False
26125,0 days 00:57:56.693000,1811.0,-4372.0,247.0,300.13500032,1,0.04291065302749309,False
26126,0 days 00:57:56.866000,1992.6364938215534,-4434.93781696021,246.7569153880484,301.0,1,0.08332533224784235,False
26127,0 days 00:57:57.173000,2181.0,-4495.0,248.0,302.53500032,1,0.11186028901626432,False
26128,0 days 00:57:57.266000,2231.2978917488417,-4510.755736230253,248.34874911389545,303.0,1,0.13659222186913494,False
26129,0 days 00:57:57.506000,2370.0310398529264,-4553.492098081728,248.99180322832763,305.0,1,0.16648873777554477,False
26130,0 days 00:57:57.513000,2375.0,-4555.0,249.0,305.03499904,1,0.17200280062765472,False
26131,0 days 00:57:57.753000,2571.0,-4613.0,249.0,306.23499904,1,0.2045965971670041,False
26132,0 days 00:57:57.893000,2686.0,-4644.0,249.0,306.93500032,1,0.23546114442580768,False
26133,0 days 00:57:57.906000,2696.673201173923,-4646.771528096578,249.0041031510565,307.0,1,0.24086518301393098,False
26134,0 days 00:57:58.053000,2818.0,-4677.0,249.0,307.0,1,0.26865368263641515,False
26135,0 days 00:57:58.146000,2895.1847680934707,-4694.678706589189,248.7280510840498,307.0,1,0.29078106797226927,False
26136,0 days 00:57:58.293000,3018.0,-4720.0,248.0,307.9187504,1,0.3072391006304635,False
26137,0 days 00:57:58.306000,3028.9251186595734,-4722.067906582674,247.93437390836732,308.0,1,0.3247652623653515,False
26138,0 days 00:57:58.473000,3170.0,-4746.0,247.0,308.6958325333333,1,0.33811277747341945,False
26139,0 days 00:57:58.546000,3231.8301307227657,-4754.747704593753,246.4297562654128,309.0,1,0.3617689609375482,False
26140,0 days 00:57:58.613000,3289.0,-4762.0,246.0,309.4187504,1,0.3753235024494515,False
26141,0 days 00:57:58.706000,3369.566050057923,-4771.076977465651,245.83725855062858,310.0,1,0.3822322018243481,False
26142,0 days 00:57:58.872000,3512.0,-4784.0,246.0,308.34000128,1,0.39895209945515087,False
26143,0 days 00:57:58.906000,3539.830872452466,-4786.031375719409,245.92014427840357,308.0,1,0.40917040135787286,False
26144,0 days 00:57:59.092000,3700.0,-4793.0,245.0,308.0,1,0.4288302623524267,False
26145,0 days 00:57:59.186000,3807.3031922275836,-4793.34109017354,244.58060992834126,308.0,1,0.43470022102524775,False
26146,0 days 00:57:59.346000,4006.79558770122,-4790.122323041576,244.07659715824553,301.0,1,0.4498167790542251,False
26147,0 days 00:57:59.393000,4052.0,-4789.0,244.0,300.29500288,1,0.4619920374202932,False
26148,0 days 00:57:59.546000,4148.7652451052545,-4785.1373954893525,243.9854494336036,298.0,1,0.4760893054298569,False
26149,0 days 00:57:59.706000,4232.976599342935,-4778.418443972573,244.00737390204105,294.0,1,0.477853631808835,False
26150,0 days 00:57:59.713000,4238.0,-4778.0,244.0,293.9250020571429,1,0.4890398119076836,False
26151,0 days 00:57:59.953000,4452.0,-4759.0,243.0,291.35357348571426,1,0.4908135333005258,False
26152,0 days 00:57:59.986000,4478.879290236346,-4756.24218756429,242.6403768836685,291.0,1,0.49961746366766396,False
26153,0 days 00:58:00.133000,4596.0,-4742.0,241.0,289.52999936,1,0.5018530657170217,True
26154,0 days 00:58:00.186000,4649.049340330287,-4734.397054715289,240.9614577046714,289.0,1,0.5129364424503748,True
26155,0 days 00:58:00.393000,4878.0,-4698.0,243.0,285.765628,1,0.5075532691082191,True
26156,0 days 00:58:00.506000,4960.6718305312925,-4683.133465233192,244.09713540048133,284.0,1,0.5063472161859693,True
26157,0 days 00:58:00.773000,5093.0,-4652.0,246.0,283.25833315555553,1,0.5003006664871142,True
26158,0 days 00:58:00.866000,5161.335445402156,-4634.887663070256,246.42503083750805,283.0,1,0.4932497776737886,False
26159,0 days 00:58:00.953000,5230.0,-4617.0,247.0,282.1843768,1,0.49253133209308125,False
26160,0 days 00:58:01.186000,5403.837970374236,-4566.568633651166,249.93591824821758,280.0,1,0.4731767911223577,False
26161,0 days 00:58:01.193000,5409.0,-4565.0,250.0,280.0,1,0.47396102775224286,False
26162,0 days 00:58:01.346000,5522.079446258237,-4529.92569234589,250.72483817416978,280.0,1,0.45606906291883864,False
26163,0 days 00:58:01.433000,5587.0,-4509.0,251.0,279.3785728,1,0.45150516178311095,False
26164,0 days 00:58:01.626000,5729.891792778966,-4461.067414944511,251.90969270417173,278.0,1,0.4262547528016749,False
26165,0 days 00:58:01.653000,5748.0,-4455.0,252.0,278.0,1,0.4251315828726338,False
26166,0 days 00:58:01.853000,5895.0,-4406.0,252.0,278.0,1,0.40772332282876583,False
26167,0 days 00:58:01.866000,5910.435085185696,-4400.76946519569,251.9399535300409,278.0,1,0.3912976230222494,False
26168,0 days 00:58:02.013000,6115.0,-4331.0,251.0,278.9187504,1,0.38286029558737766,False
26169,0 days 00:58:02.186000,6215.512833476064,-4296.796544596777,251.02698586203402,280.0,1,0.3683867787074312,False
26170,0 days 00:58:02.346000,6259.567515631994,-4282.145760252892,251.03049392434158,282.0,1,0.37554317904754664,False
26171,0 days 00:58:02.353000,6263.0,-4281.0,251.0,282.0583317333333,1,0.3587704659487154,False
26172,0 days 00:58:02.573000,6427.0,-4226.0,249.0,283.8916672,1,0.3457043935211999,False
26173,0 days 00:58:02.586000,6439.025970991231,-4221.934754110024,248.8536032771261,284.0,1,0.35071476547906655,False
26174,0 days 00:58:02.786000,6647.7478773936045,-4150.877489399584,246.44515293526072,286.0,1,0.3475598530800635,False
26175,0 days 00:58:02.913000,6773.0,-4108.0,245.0,287.26999808,1,0.34895302980460874,False
26176,0 days 00:58:02.986000,6835.48641693673,-4086.552775587576,244.25297277720207,288.0,1,0.35185818185525086,False
26177,0 days 00:58:03.266000,7027.542545948788,-4019.5989801105193,242.03894864880027,290.0,1,0.3575752716305818,False
26178,0 days 00:58:03.273000,7032.0,-4018.0,242.0,290.04772596363637,1,0.35337824364911374,False
26179,0 days 00:58:03.706000,7307.230724090734,-3913.8601515267665,241.00414127281937,293.0,1,0.3643856427363389,False
26180,0 days 00:58:03.733000,7327.0,-3906.0,241.0,293.27000064,1,0.38010683243717663,False
26181,0 days 00:58:03.773000,7357.0,-3894.0,241.0,293.67000064,1,0.38704093338560824,False
26182,0 days 00:58:03.906000,7456.374936414515,-3853.463318556845,240.93457782624643,295.0,1,0.3984021147063711,False
26183,0 days 00:58:04.053000,7569.0,-3806.0,241.0,296.10250048,1,0.41046521773538275,False
26184,0 days 00:58:04.306000,7775.503340752146,-3715.6911602738196,241.92184930704715,298.0,1,0.41913233387814025,False
26185,0 days 00:58:04.353000,7811.0,-3700.0,242.0,298.0,1,0.45429719018726544,False
26186,0 days 00:58:04.466000,7889.7279293580195,-3665.118563978361,241.93771822205548,298.0,1,0.45252280829214775,False
26187,0 days 00:58:04.773000,8111.0,-3564.0,241.0,294.1624992,1,0.4942870125986793,False
26188,0 days 00:58:04.933000,8273.0,-3487.0,241.0,292.1624992,1,0.5294924967211059,True
26189,0 days 00:58:04.946000,8284.782630180274,-3481.391275266037,240.99763284153735,292.0,1,0.5281924734826903,True
26190,0 days 00:58:05.266000,8479.891963515835,-3388.6432483523486,240.72488648165017,285.0,1,0.6164963274653708,True
26191,0 days 00:58:05.373000,8541.0,-3359.0,241.0,281.656248,1,0.6264495069147915,True
26192,0 days 00:58:05.572000,8673.0,-3294.0,242.0,275.437504,1,0.7062636554521878,True
26193,0 days 00:58:05.586000,8682.61792369005,-3289.239828965911,242.03280201882046,275.0,1,0.7498610850540228,True
26194,0 days 00:58:05.753000,8795.0,-3233.0,242.0,250.54645668571428,1,0.8189184132771685,True
26195,0 days 00:58:05.866000,8860.625919142009,-3198.4552892863744,241.992476109488,234.0,1,0.8970233491183189,True
26196,0 days 00:58:05.933000,8897.0,-3179.0,242.0,226.8812432,1,0.9364286554095199,True
26197,0 days 00:58:06.026000,8946.11589370495,-3152.7894553236883,242.00022403385026,217.0,1,0.9931157133493065,True
26198,0 days 00:58:06.093000,8981.0,-3134.0,242.0,212.6031208,1,1.0278458304055875,True
26199,0 days 00:58:06.313000,9091.0,-3073.0,242.0,198.1656376,1,1.1299448430947672,True
26200,0 days 00:58:06.346000,9105.343860559247,-3064.887496001337,241.98841888946137,196.0,1,1.1373760720469202,True
26201,0 days 00:58:06.493000,9164.0,-3031.0,242.0,183.1374944,1,1.2010700969438166,True
26202,0 days 00:58:06.506000,9169.261771785003,-3027.8745311334383,242.02218533656182,182.0,1,1.2113782560415425,True
26203,0 days 00:58:06.787000,9284.754791535604,-2956.425148841428,242.9910262575741,175.0,1,1.3041223170775589,True
26204,0 days 00:58:06.793000,9287.0,-2955.0,243.0,174.5216503658642,1,1.3029414221009632,True
26205,0 days 00:58:06.953000,9345.0,-2917.0,243.0,161.76538798864502,1,1.3499314898671304,True
26206,0 days 00:58:07.193000,9448.0,-2840.0,243.0,142.63099442281631,1,1.4120993496403107,True
26207,0 days 00:58:07.226000,9460.163149473623,-2830.186682714638,242.9889795506184,140.0,1,1.416192752029762,True
26208,0 days 00:58:07.466000,9526.557416552338,-2770.053535456109,242.86726210929098,132.0,1,1.4371445168282861,True
26209,0 days 00:58:07.553000,9546.0,-2749.0,243.0,128.7375072,1,1.4369531452153843,True
26210,0 days 00:58:07.786000,9592.421972810396,-2689.9610091113136,243.88824240389908,120.0,1,1.468225451621092,True
26211,0 days 00:58:07.853000,9605.0,-2673.0,244.0,117.60714057142857,1,1.452498540302418,True
26212,0 days 00:58:07.913000,9616.0,-2658.0,244.0,115.46429257142857,1,1.4517363320466143,True
26213,0 days 00:58:08.066000,9639.15165153377,-2621.4536923442342,243.99017775080404,110.0,1,1.4246813350973762,True
26214,0 days 00:58:08.253000,9660.0,-2567.0,244.0,105.99285577142857,1,1.431392147176747,True
26215,0 days 00:58:08.346000,9668.654403730112,-2529.4588226512765,243.99931849680382,104.0,1,1.4041551956565008,True
26216,0 days 00:58:08.493000,9678.0,-2473.0,244.0,98.85499776,1,1.3979725273912713,True
26217,0 days 00:58:08.546000,9679.219906901792,-2460.664514983607,244.00473994832308,97.0,1,1.3584950795922326,True
26218,0 days 00:58:08.773000,9673.0,-2436.0,244.0,91.95555413333334,1,1.3292922593241445,True
26219,0 days 00:58:08.906000,9663.173412700264,-2410.869506728966,243.90076132349404,89.0,1,1.274052176291845,True
26220,0 days 00:58:09.093000,9638.0,-2362.0,244.0,86.99642788571428,1,1.2399831088626327,True
26221,0 days 00:58:09.186000,9618.209207906642,-2335.199304821216,244.3658214627117,86.0,1,1.1736997891750163,True
26222,0 days 00:58:09.333000,9588.0,-2299.0,245.0,84.1624992,1,1.0847210865933188,True
26223,0 days 00:58:09.506000,9575.273885072542,-2283.7767083142558,245.038296959697,82.0,1,1.0520505216415181,True
26224,0 days 00:58:09.573000,9566.0,-2275.0,245.0,82.2093752,1,0.9547294347906918,True
26225,0 days 00:58:09.813000,9500.0,-2216.0,245.0,82.9593752,1,0.813080200949346,True
26226,0 days 00:58:09.826000,9497.111040348706,-2213.472177354095,245.00105799127306,83.0,1,0.7703383899338541,True
26227,0 days 00:58:09.986000,9474.888227145402,-2194.659519188371,245.0051646751451,84.0,1,0.6427623134601848,True
26228,0 days 00:58:10.186000,9456.993795461882,-2180.800830762814,245.00008680443625,85.0,1,0.5721179097516199,True
26229,0 days 00:58:10.193000,9456.0,-2180.0,245.0,85.09999725714286,1,0.5210779852744619,True
26230,0 days 00:58:10.453000,9406.0,-2139.0,245.0,88.81428662857142,1,0.3116181448159465,False
26231,0 days 00:58:10.466000,9403.362268382507,-2136.8318145904673,245.00002118893016,89.0,1,0.2509523055067274,False
26232,0 days 00:58:10.653000,9367.0,-2107.0,245.0,93.28541813333334,1,0.07775879069663923,False
26233,0 days 00:58:10.893000,9319.0,-2065.0,245.0,98.78541813333334,1,-0.06748613999888824,False
26234,0 days 00:58:10.946000,9302.139594408254,-2048.1728780185754,245.0000021243972,100.0,1,-0.19377809302858567,False
26235,0 days 00:58:11.093000,9251.0,-1995.0,245.0,103.6750016,1,-0.3802047950012022,False
26236,0 days 00:58:11.186000,9230.127507599016,-1972.3804664771712,244.99999505126544,106.0,1,-0.4893507718761075,False
26237,0 days 00:58:11.493000,9202.0,-1932.0,245.0,110.60500096,1,-0.6002969027512616,True
26238,0 days 00:58:11.586000,9189.117352150142,-1910.9462948229145,245.00002939186822,112.0,1,-0.6969485694612755,True
26239,0 days 00:58:11.746000,9163.977463851399,-1866.922465175933,245.00000775462945,109.0,1,-0.8567026763369326,True
26240,0 days 00:58:11.753000,9163.0,-1865.0,245.0,108.87750336,1,-0.891727680513846,True
26241,0 days 00:58:11.933000,9142.0,-1816.0,245.0,105.72749888,1,-1.0007950785086723,True
26242,0 days 00:58:12.092000,9130.0,-1772.0,245.0,102.94500224,1,-1.04957441243982,True
26243,0 days 00:58:12.146000,9126.837010099463,-1756.3960467482136,244.99751935022687,102.0,1,-1.159367573149737,True
26244,0 days 00:58:12.293000,9121.0,-1711.0,245.0,101.0812496,1,-1.1726627459065286,True
26245,0 days 00:58:12.306000,9120.769223989051,-1706.6743895930279,245.00289450704435,101.0,1,-1.2153458466682443,True
26246,0 days 00:58:12.573000,9126.0,-1612.0,245.0,99.3312496,1,-1.3350381666411062,True
26247,0 days 00:58:12.626000,9128.913314250558,-1594.7163857030384,244.90436734919976,99.0,1,-1.3321565304000331,True
26248,0 days 00:58:12.866000,9148.247537707643,-1527.1213714854289,244.09845835230703,96.0,1,-1.394572209514921,True
26249,0 days 00:58:12.993000,9158.0,-1500.0,244.0,94.09500288,1,-1.3691218816262676,True
26250,0 days 00:58:13.066000,9162.81488624325,-1487.341224864263,244.12718242533606,93.0,1,-1.4078323106940076,True
26251,0 days 00:58:13.347000,9184.346320326582,-1445.5263950975389,245.02660364208447,92.0,1,-1.4049132744154462,True
26252,0 days 00:58:13.373000,9188.0,-1440.0,245.0,91.81361919687588,1,-1.4107287651732172,True
26253,0 days 00:58:13.613000,9231.0,-1380.0,244.0,90.09318948399954,1,-1.3845691268835683,True
26254,0 days 00:58:13.626000,9232.92672701159,-1377.4142079627281,243.96110560239404,90.0,1,-1.4013574172523748,True
26255,0 days 00:58:13.906000,9259.756315540872,-1345.2099931744945,243.94643039262996,91.0,1,-1.380186503103066,True
26256,0 days 00:58:13.993000,9271.0,-1335.0,244.0,91.3624992,1,-1.3778661610164638,True
26257,0 days 00:58:14.146000,9299.333382940305,-1311.153898607454,244.0009270260531,92.0,1,-1.3485359209030192,True
26258,0 days 00:58:14.253000,9322.0,-1294.0,244.0,92.4458336,1,-1.299605834886583,True
26259,0 days 00:58:14.373000,9348.0,-1277.0,244.0,92.9458336,1,-1.2583708029524785,True
26260,0 days 00:58:14.386000,9351.002284371889,-1275.2228758581616,243.98505107668072,93.0,1,-1.2316559137360685,True
26261,0 days 00:58:14.546000,9391.753003659192,-1253.9584980589325,243.48073435110504,95.0,1,-1.1687660660506638,True
26262,0 days 00:58:14.693000,9434.0,-1237.0,243.0,97.7562512,1,-1.076040865008851,True
26263,0 days 00:58:14.706000,9437.906903845244,-1235.6771838823222,242.97516333022566,98.0,1,-1.0451639514415996,True
26264,0 days 00:58:14.906000,9500.979749087446,-1218.9582837382227,242.93620659820985,101.0,1,-0.9255239768390756,True
26265,0 days 00:58:15.033000,9537.0,-1212.0,243.0,102.5874976,1,-0.8006587463425038,True
26266,0 days 00:58:15.146000,9563.478019564498,-1208.2475102326564,243.01013374260165,104.0,1,-0.743964462449237,True
26267,0 days 00:58:15.373000,9615.0,-1205.0,243.0,108.729168,1,-0.6134281850531393,True
26268,0 days 00:58:15.386000,9618.749939018511,-1204.8255850719345,243.00443125797406,109.0,1,-0.5753512007375826,True
26269,0 days 00:58:15.533000,9666.0,-1203.0,243.0,114.0531272,1,-0.4766804507713087,False
26270,0 days 00:58:15.706000,9722.866630123382,-1202.1937302871343,242.36080665578925,120.0,1,-0.3044200936664274,False
26271,0 days 00:58:15.813000,9759.0,-1202.0,242.0,121.7833344,1,-0.23022728129101647,False
26272,0 days 00:58:15.946000,9805.773414296682,-1201.7006030342861,241.90234741436444,124.0,1,-0.08921905023127093,False
26273,0 days 00:58:16.053000,9845.0,-1201.0,242.0,130.95500416,1,0.043902389683551285,False
26274,0 days 00:58:16.146000,9880.310594586237,-1199.809832967351,242.14839300625567,137.0,1,0.12993649675864244,False
26275,0 days 00:58:16.233000,9914.0,-1198.0,242.0,140.624992,1,0.2545923955323286,False
26276,0 days 00:58:16.373000,9969.0,-1193.0,241.0,146.458336,1,0.3666901308380316,False
26277,0 days 00:58:16.386000,9974.194702173378,-1192.334962651408,240.97733600822153,147.0,1,0.419791718191642,False
26278,0 days 00:58:16.573000,10050.0,-1178.0,242.0,155.57083626666667,1,0.5407541269949083,True
26279,0 days 00:58:16.626000,10071.254845022411,-1171.9530082211677,242.17995634500716,158.0,1,0.6089839787319565,True
26280,0 days 00:58:16.853000,10162.0,-1135.0,242.0,155.1624992,1,0.6982844862870735,True
26281,0 days 00:58:16.866000,10167.336814248996,-1132.288585233575,241.98244140285678,155.0,1,0.743717588694085,True
26282,0 days 00:58:17.106000,10265.934305342329,-1071.6798231977393,241.9148866847512,149.0,1,0.8483675181380954,True
26283,0 days 00:58:17.133000,10276.0,-1064.0,242.0,148.9035712,1,0.8643356932593286,True
26284,0 days 00:58:17.386000,10355.309953952838,-986.4856370080892,243.9141797984348,148.0,1,0.931278508863387,True
26285,0 days 00:58:17.533000,10387.0,-950.0,245.0,141.5687472,1,0.936394966835403,True
26286,0 days 00:58:17.706000,10409.472712539806,-923.7799104465357,245.62530485751873,134.0,1,0.9988165268442819,True
26287,0 days 00:58:17.913000,10439.0,-878.0,248.0,131.4125024,1,0.9902592690015035,True
26288,0 days 00:58:17.946000,10446.755805634373,-864.7698034483294,248.8422239582698,131.0,1,1.0210395569479849,True
26289,0 days 00:58:18.173000,10507.0,-758.0,256.0,123.1968728,1,1.0303954445326229,True
26290,0 days 00:58:18.266000,10518.649449649349,-735.9383192744383,257.4448507131739,120.0,1,1.0343660876379275,True
26291,0 days 00:58:18.426000,10524.121152890579,-720.4804460258526,258.406164757167,113.0,1,1.0436998242739182,True
26292,0 days 00:58:18.473000,10527.0,-712.0,259.0,111.3843816,1,1.0435475225741095,True
26293,0 days 00:58:18.672000,10546.0,-655.0,263.0,104.5437544,1,1.0567092715684023,True
26294,0 days 00:58:18.746000,10551.768925224202,-632.5618263293168,264.3413684537827,102.0,1,1.0610634127554313,True
26295,0 days 00:58:18.873000,10559.0,-596.0,266.0,98.29583893333333,1,1.0617153634715126,True
26296,0 days 00:58:18.986000,10563.38002702024,-566.6209535386856,266.55865064777976,95.0,1,1.0690109251966085,True
26297,0 days 00:58:19.053000,10565.0,-550.0,267.0,92.98999808,1,1.0668769760590433,True
26298,0 days 00:58:19.273000,10564.0,-499.0,270.0,86.39000576,1,1.070138500360316,True
26299,0 days 00:58:19.386000,10557.867113203736,-478.1906281471687,270.67011877183324,83.0,1,1.054867833789164,True
26300,0 days 00:58:19.493000,10548.0,-461.0,271.0,80.9937488,1,1.0550419417269141,True
26301,0 days 00:58:19.546000,10541.565660804874,-452.91939987117524,271.23427731681045,80.0,1,1.0565121895013345,True
26302,0 days 00:58:19.693000,10518.0,-432.0,272.0,76.34024639740983,1,1.040732087479689,True
26303,0 days 00:58:19.787000,10498.041376981171,-419.7556024574602,272.40327802385167,74.0,1,1.0168255392129721,True
26304,0 days 00:58:19.947000,10458.90549319969,-400.9678685395155,272.8885517942978,72.0,1,0.9646001351079918,True
26305,0 days 00:58:20.013000,10445.0,-394.0,273.0,71.5874992,1,0.9332649306965973,True
26306,0 days 00:58:20.107000,10428.21022398589,-384.86987123921125,273.0665309945406,71.0,1,0.9237358626980942,True
26307,0 days 00:58:20.307000,10403.102164178363,-365.9027353152458,272.96665981070055,73.0,1,0.8542720706381984,True
26308,0 days 00:58:20.393000,10395.0,-354.0,273.0,73.95821567318718,1,0.8970286609536168,True
26309,0 days 00:58:20.533000,10385.0,-329.0,273.0,75.51810682685561,1,0.8475378940053399,True
26310,0 days 00:58:20.666000,10380.601077070809,-301.1944404509011,271.85873711547055,77.0,1,0.8321985395007488,True
26311,0 days 00:58:20.753000,10380.0,-282.0,271.0,77.9321408,1,0.8056929689378114,True
26312,0 days 00:58:20.946000,10383.86071565185,-238.461661774993,269.91141608376745,80.0,1,0.8106767428849121,True
26313,0 days 00:58:21.053000,10388.0,-214.0,269.0,80.4458336,1,0.8082928495993464,True
26314,0 days 00:58:21.186000,10394.387826378845,-183.43925864964928,267.06427481508337,81.0,1,0.8776880510186351,True
26315,0 days 00:58:21.253000,10398.0,-168.0,266.0,81.8375008,1,0.873669032576811,True
26316,0 days 00:58:21.393000,10406.0,-136.0,264.0,83.5874976,1,0.9026884197167799,True
26317,0 days 00:58:21.426000,10407.810197419953,-128.74799984116927,263.62757575009783,84.0,1,0.9527658615959863,True
26318,0 days 00:58:21.653000,10421.0,-76.0,262.0,88.05357257142857,1,0.9396247926485892,True
26319,0 days 00:58:21.706000,10425.291450049854,-59.652815600340155,261.71980091094036,89.0,1,1.0377906188311836,True
26320,0 days 00:58:21.893000,10442.0,2.0,261.0,93.15555697777778,1,1.0462385052207592,True
26321,0 days 00:58:22.066000,10451.958665763339,35.97595042738436,260.9011751177897,97.0,1,1.1468476718141036,True
26322,0 days 00:58:22.213000,10461.0,65.0,261.0,101.41000192,1,1.1301781850076948,True
26323,0 days 00:58:22.266000,10465.435903210646,79.38269519455858,261.0258517035905,103.0,1,1.1704599019547508,True
26324,0 days 00:58:22.373000,10475.0,110.0,261.0,104.486112,1,1.158336142049331,True
26325,0 days 00:58:22.626000,10493.879558928973,162.66965519349324,260.1179934631812,108.0,1,1.2239752921710776,True
26326,0 days 00:58:22.653000,10497.0,171.0,260.0,107.3249984,1,1.2465847812921351,True
26327,0 days 00:58:22.866000,10530.170094541269,260.0242038307936,259.118671522892,102.0,1,1.3278079154546483,True
26328,0 days 00:58:22.913000,10536.0,276.0,259.0,100.04167466666667,1,1.3565474238270765,True
26329,0 days 00:58:23.106000,10547.054957531325,308.79956821761465,258.9299356406385,92.0,1,1.3431300357023566,True
26330,0 days 00:58:23.273000,10551.0,329.0,259.0,87.44545978181819,1,1.355861670176505,True
26331,0 days 00:58:23.453000,10558.0,370.0,259.0,82.53636189090909,1,1.3974998492810728,True
26332,0 days 00:58:23.546000,10559.28067826502,390.78694342604524,259.33252071027385,80.0,1,1.4115567345446878,True
26333,0 days 00:58:23.693000,10557.0,421.0,260.0,76.73333191111111,1,1.4200589900246432,True
26334,0 days 00:58:23.873000,10547.0,455.0,260.0,72.7333376,1,1.4241883857618352,True
26335,0 days 00:58:23.906000,10544.209501122466,460.916195873179,259.8870921334997,72.0,1,1.4244010595422973,True
26336,0 days 00:58:24.066000,10526.863971965975,487.9092028665482,259.0334898428729,71.0,1,1.4235147631106928,True
26337,0 days 00:58:24.073000,10526.0,489.0,259.0,70.88333653333333,1,1.4228419151571314,True
26338,0 days 00:58:24.306000,10493.804074561176,520.8107873456624,258.12869662691674,67.0,1,1.408544606858055,True
26339,0 days 00:58:24.333000,10490.0,524.0,258.0,66.8071424,1,1.412520904747244,True
26340,0 days 00:58:24.493000,10466.0,542.0,257.0,65.66428525714285,1,1.410357661964225,True
26341,0 days 00:58:24.586000,10446.408444408076,554.221118298626,256.2581482365312,65.0,1,1.40345833632973,True
26342,0 days 00:58:24.753000,10408.0,576.0,255.0,67.78333013333334,1,1.4007527126367374,True
26343,0 days 00:58:24.826000,10395.450423639933,582.7286355222898,254.69404669984596,69.0,1,1.4108311766691453,True
26344,0 days 00:58:25.132000,10358.0,599.0,254.0,72.39999857777778,1,1.418823770783776,True
26345,0 days 00:58:25.186000,10349.300081883592,602.2085292502265,253.6351056574614,73.0,1,1.4257543076977464,True
26346,0 days 00:58:25.352000,10314.0,614.0,252.0,76.31999744,1,1.4127083302748347,True
26347,0 days 00:58:25.386000,10304.29320003962,616.8842344601306,251.59570063084936,77.0,1,1.4276593913261635,True
26348,0 days 00:58:25.593000,10238.0,635.0,249.0,84.7624928,1,1.3766549715484004,True
26349,0 days 00:58:25.626000,10229.955419011152,637.0570961545195,248.66941253874376,86.0,1,1.376084545940842,True
26350,0 days 00:58:25.873000,10187.0,646.0,247.0,97.46784822857143,1,1.3369778849051799,True
26351,0 days 00:58:25.906000,10180.080302915676,647.103351018536,246.84086579892747,99.0,1,1.3270585186534523,True
26352,0 days 00:58:26.073000,10137.0,653.0,246.0,104.56666026666667,1,1.2710556882830242,True
26353,0 days 00:58:26.146000,10113.929603851078,655.5423822661434,245.38777189673064,107.0,1,1.2369298065690726,True
26354,0 days 00:58:26.387000,10027.08604262497,663.006602387541,242.52067665600936,111.0,1,1.1346819063215747,True
26355,0 days 00:58:26.433000,10012.0,664.0,242.0,115.0249888,1,1.1098578320274048,True
26356,0 days 00:58:26.627000,9956.458809109898,666.438910546225,240.07010951769723,132.0,1,1.0339431290603227,True
26357,0 days 00:58:26.773000,9902.0,668.0,239.0,136.562504,1,0.9793774989780444,True
26358,0 days 00:58:26.787000,9895.441134426772,668.1945954352302,238.91818834303288,137.0,1,0.9302939608614412,True
26359,0 days 00:58:27.013000,9771.0,672.0,238.0,149.9605778441685,1,0.8157031938001952,True
26360,0 days 00:58:27.066000,9744.645766335367,672.8316512097939,237.83660347076545,153.0,1,0.7405032826962725,True
26361,0 days 00:58:27.346000,9631.566424182945,676.535093254369,237.1766164315345,167.0,1,0.6374832524780081,True
26362,0 days 00:58:27.453000,9585.0,678.0,237.0,169.6750016,1,0.5848803261596378,True
26363,0 days 00:58:27.593000,9517.0,680.0,237.0,173.1749952,1,0.5388678311898599,True
26364,0 days 00:58:27.666000,9480.653167695807,680.8940988447787,237.48525348565354,175.0,1,0.49509972565999794,False
26365,0 days 00:58:27.833000,9396.0,683.0,239.0,183.72953541818183,1,0.4163610853211326,False
26366,0 days 00:58:28.033000,9290.0,687.0,239.0,194.18408087272726,1,0.37768814666774375,False
26367,0 days 00:58:28.106000,9250.041839287016,688.412303992527,239.4984050918608,198.0,1,0.2964310475179661,False
26368,0 days 00:58:28.273000,9157.0,691.0,241.0,203.00999424,1,0.26584230802026815,False
26369,0 days 00:58:28.306000,9138.585502069638,691.3292676340892,241.03854221497178,204.0,1,0.23842989588448174,False
26370,0 days 00:58:28.373000,9101.0,692.0,241.0,206.093752,1,0.21793375714755256,False
26371,0 days 00:58:28.573000,8985.0,696.0,242.0,212.343752,1,0.17714101510344046,False
26372,0 days 00:58:28.626000,8953.5793840994,697.1034696658412,242.2855486531462,214.0,1,0.16093568803894112,False
26373,0 days 00:58:28.826000,8833.23889172855,700.8778604156444,242.99203599528573,217.0,1,0.1332124926443202,False
26374,0 days 00:58:28.833000,8829.0,701.0,243.0,217.22749376,1,0.11439013762029326,False
26375,0 days 00:58:29.013000,8719.0,704.0,243.0,223.07750208,1,0.10433862133079154,False
26376,0 days 00:58:29.226000,8583.855958936281,707.7542743427184,243.81715737305328,230.0,1,0.08457625846234991,False
26377,0 days 00:58:29.293000,8542.0,709.0,244.0,231.6750016,1,0.08212755113540407,False
26378,0 days 00:58:29.426000,8460.119258135759,711.5734386820262,244.03198264847194,235.0,1,0.06512579763511923,False
26379,0 days 00:58:29.493000,8411.0,713.0,244.0,236.11666773333334,1,0.06220657003050834,False
26380,0 days 00:58:29.666000,8250.75968263058,717.06880824907,243.9959548583949,239.0,1,0.049893509174028454,False
26381,0 days 00:58:29.713000,8211.0,718.0,244.0,239.91388515555556,1,0.044027043014586945,False
26382,0 days 00:58:30.026000,8041.307072306294,721.3713242915062,244.00133384574025,246.0,1,0.03178831515720446,False
26383,0 days 00:58:30.133000,7979.0,723.0,244.0,248.6750016,1,0.028346543465791543,False
26384,0 days 00:58:30.233000,7909.0,725.0,244.0,251.1749952,1,0.021716127126513204,False
26385,0 days 00:58:30.346000,7828.302823900852,726.5231036033678,243.99990465427783,254.0,1,0.019080124674815027,False
26386,0 days 00:58:30.473000,7739.0,728.0,244.0,256.53999616,1,0.013768354774565505,False
26387,0 days 00:58:30.546000,7688.897670329657,729.2429322698782,244.00048468972403,258.0,1,0.012370757392993415,False
26388,0 days 00:58:30.633000,7624.0,731.0,244.0,259.30499712,1,0.006095802325993348,False
26389,0 days 00:58:30.746000,7519.214180852141,733.5370038088327,243.99484963934643,261.0,1,0.004600680797268688,False
26390,0 days 00:58:30.913000,7362.0,737.0,244.0,264.33999616,1,0.0009163531142919295,False
26391,0 days 00:58:30.946000,7338.164205538553,737.491128622739,244.00698779648354,265.0,1,0.0004538651202762448,False
26392,0 days 00:58:31.213000,7198.0,740.0,244.0,268.6409099636364,1,-0.0023979361151197955,False
26393,0 days 00:58:31.386000,7078.509187000667,742.1772277324989,243.65971258934485,271.0,1,-0.0038046221083534934,False
26394,0 days 00:58:31.533000,6957.0,745.0,244.0,272.3781256,1,-0.005590734000935393,False
26395,0 days 00:58:31.653000,6849.0,748.0,245.0,273.5031256,1,-0.005769298162060573,False
26396,0 days 00:58:31.706000,6799.8455700502755,749.1563363016305,245.2505498115687,274.0,1,-0.006074613016150421,False
26397,0 days 00:58:31.866000,6648.115237242179,751.8790456492757,245.12067716755178,278.0,1,-0.0069329554825367954,False
26398,0 days 00:58:31.932000,6586.0,753.0,245.0,278.6456509217391,1,-0.006247945276121786,False
26399,0 days 00:58:32.786000,5855.76181826009,771.6863951042795,244.97621745981897,287.0,1,-0.007432989529862352,False
26400,0 days 00:58:32.893000,5780.0,774.0,245.0,288.3319513578626,1,-0.007065665988904605,False
26401,0 days 00:58:33.027000,5691.059660679016,776.7948378868373,245.00969884883926,290.0,1,-0.007087922842183198,False
26402,0 days 00:58:33.253000,5538.0,782.0,245.0,290.9416672,1,-0.006400409354431427,False
26403,0 days 00:58:33.267000,5527.340836562041,782.3864999620132,244.99975551136703,291.0,1,-0.0058863042042601585,False
26404,0 days 00:58:33.453000,5376.0,788.0,245.0,292.55000106666665,1,-0.005148642010910948,False
26405,0 days 00:58:33.507000,5331.694674014908,789.6027263039737,245.0001506101042,293.0,1,-0.004207133448790799,False
26406,0 days 00:58:33.733000,5147.0,796.0,245.0,294.54441978395704,1,-0.0038093412647280853,False
26407,0 days 00:58:33.946000,4971.54400412926,801.8158207992968,244.99999933251755,296.0,1,-0.0031501296183194813,False
26408,0 days 00:58:33.953000,4966.0,802.0,245.0,296.0636346181818,1,-0.0029300113592580987,False
26409,0 days 00:58:34.133000,4818.0,807.0,245.0,297.7000005818182,1,-0.0024215520548775842,False
26410,0 days 00:58:34.373000,4535.0,817.0,245.0,299.8818187636364,1,-0.0012928491135627913,False
26411,0 days 00:58:34.386000,4520.962994444116,817.5111293121096,245.0000000690627,300.0,1,-0.0011726677323675788,False
26412,0 days 00:58:34.586000,4344.577459448955,824.1941252374048,245.00000095660386,301.0,1,-0.0003927509102148093,False
26413,0 days 00:58:34.773000,4217.0,829.0,245.0,302.33571474285714,1,0.0005379591559708904,False
26414,0 days 00:58:34.866000,4158.064700913781,831.0390793694087,244.99999843661294,303.0,1,0.0008029532345868661,False
26415,0 days 00:58:35.133000,3981.0,837.0,245.0,304.9071433142857,1,0.001578567703293566,False
26416,0 days 00:58:35.146000,3970.533951395023,837.3827703192578,245.00000094051578,305.0,1,0.001640014784101811,False
26417,0 days 00:58:35.293000,3845.0,842.0,245.0,305.36750016,1,0.002498578447165317,False
26418,0 days 00:58:35.513000,3658.0,848.0,245.0,305.91749952,1,0.0029665222041534507,False
26419,0 days 00:58:35.546000,3618.68997605821,849.393926853032,245.00007972977386,306.0,1,0.00324441649231963,False
26420,0 days 00:58:35.706000,3390.9415257480605,857.9060794503259,245.0004129504032,307.0,1,0.00450612274761934,False
26421,0 days 00:58:35.753000,3334.0,860.0,245.0,307.0,1,0.004789096345497373,False
26422,0 days 00:58:35.866000,3230.969022455981,863.5988008549818,244.99770750516598,307.0,1,0.005249992793221062,False
26423,0 days 00:58:36.186000,3079.11382929589,868.2599917969983,244.99746339484142,309.0,1,0.004335082490946689,False
26424,0 days 00:58:36.213000,3060.0,869.0,245.0,309.13500032,1,0.004168135466506004,False
26425,0 days 00:58:36.386000,2908.465612372961,875.1061570937368,245.0095849597149,310.0,1,0.004410535966120675,False
26426,0 days 00:58:36.413000,2884.0,876.0,245.0,310.11250026666664,1,0.0032193255090834445,False
26427,0 days 00:58:36.626000,2699.03166152841,881.7974167141887,244.9823754721474,311.0,1,0.003102436275014494,False
26428,0 days 00:58:36.633000,2693.0,882.0,245.0,311.03499904,1,1.5452346081712215e-05,False
26429,0 days 00:58:36.853000,2502.0,889.0,246.0,312.13500032,1,0.0002639561386340486,False
26430,0 days 00:58:37.026000,2351.879434228045,893.7922854556363,246.0171328135657,313.0,1,-0.0003662068830936947,False
26431,0 days 00:58:37.033000,2346.0,894.0,246.0,313.03499904,1,-0.0010775566534980024,False
26432,0 days 00:58:37.226000,2185.123980900709,900.4226486154961,245.15152992888858,314.0,1,-0.0035809973189483853,False
26433,0 days 00:58:37.273000,2138.0,902.0,245.0,314.0,1,-0.003332439452075116,False
26434,0 days 00:58:37.473000,1911.0,908.0,245.0,314.0,1,-0.00545204722887239,False
26435,0 days 00:58:37.546000,1852.800675122728,909.534028808356,245.25511471894552,314.0,1,-0.006457008623193667,False
26436,0 days 00:58:37.706000,1758.762798100982,911.9042271154926,245.97941013859375,315.0,1,-0.007198055745673149,False
26437,0 days 00:58:37.713000,1754.0,912.0,246.0,315.0,1,-0.00794075291787949,False
26438,0 days 00:58:38.066000,1445.2568258040058,916.878797338822,246.00227569896725,315.0,1,-0.012071286174319937,False
26439,0 days 00:58:38.073000,1439.0,917.0,246.0,314.89500288,1,-0.01155289481786024,False
26440,0 days 00:58:38.233000,1300.0,920.0,246.0,312.49500288,1,-0.0135060982404867,False
26441,0 days 00:58:38.266000,1271.7082889379894,920.5884781553125,246.00135216040277,312.0,1,-0.013877724087436257,False
26442,0 days 00:58:38.412000,1146.0,923.0,246.0,307.944448,1,-0.015695531095442573,False
26443,0 days 00:58:38.593000,976.0,926.0,246.0,302.916672,1,-0.017769671873203906,False
26444,0 days 00:58:38.626000,939.0980466313464,926.6383741493024,246.00005484884596,302.0,1,-0.01806611125390034,False
26445,0 days 00:58:38.826000,685.2947147693671,931.0369688440451,246.0000203679281,294.0,1,-0.02145760037861127,False
26446,0 days 00:58:38.873000,632.0,932.0,246.0,292.8250048,1,-0.02165466399681219,False
26447,0 days 00:58:39.026000,489.77632702198264,934.7363906629851,245.99998434048118,289.0,1,-0.021872635173943552,False
26448,0 days 00:58:39.226000,364.3333846598355,937.3701181619425,246.00001458939892,287.0,1,-0.02249247675252474,False
26449,0 days 00:58:39.293000,331.0,938.0,246.0,284.906248,1,-0.020266295982725273,False
26450,0 days 00:58:39.386000,291.4429097217287,938.6633074478418,245.99995625709096,282.0,1,-0.018583014850530846,False
26451,0 days 00:58:39.573000,207.0,940.0,246.0,278.27860450662035,1,-0.015213103175841855,False
26452,0 days 00:58:39.587000,198.09337545052563,940.1609008950156,246.00002779965982,278.0,1,-0.01538308811336553,False
26453,0 days 00:58:39.867000,-41.39785195182347,944.8978085038646,246.00059986973787,271.0,1,-0.014874580090051381,False
26454,0 days 00:58:39.933000,-94.0,946.0,246.0,269.5333304888889,1,-0.009128960145365246,False
26455,0 days 00:58:40.227000,-281.9605027036923,949.930824638992,245.99961448003083,263.0,1,-0.010275529636176376,False
26456,0 days 00:58:40.233000,-286.0,950.0,246.0,262.87500266666666,1,0.004906726022488493,False
26457,0 days 00:58:40.413000,-416.0,952.0,246.0,259.12499733333334,1,0.00845418552820623,False
26458,0 days 00:58:40.467000,-455.1925951860163,952.6436589509743,245.9762648435389,258.0,1,0.022470526370396683,False
26459,0 days 00:58:40.573000,-530.0,954.0,246.0,253.33332957652144,1,0.027133424300532737,False
26460,0 days 00:58:40.626000,-565.6139464876779,954.7253574544568,246.13196759189077,251.0,1,0.04473384893589784,False
26461,0 days 00:58:40.786000,-668.9657569931233,957.3670794687134,246.8890226637238,246.0,1,0.07141514411094974,False
26462,0 days 00:58:40.873000,-734.0,960.0,247.0,240.4071552,1,0.0752900006248769,False
26463,0 days 00:58:41.066000,-901.8305768243173,969.0066392893525,246.18702729775757,228.0,1,0.11084675238910034,False
26464,0 days 00:58:41.113000,-936.0,971.0,246.0,224.86667946666665,1,0.12297237971964572,False
26465,0 days 00:58:41.306000,-1023.6785575613574,976.5036016350595,245.77857790323375,212.0,1,0.14305346521036497,False
26466,0 days 00:58:41.506000,-1110.6789896561572,984.9030384566195,245.98819801468997,207.0,1,0.1614858808990753,False
26467,0 days 00:58:41.533000,-1131.0,987.0,246.0,205.42499626666665,1,0.1771373513822772,False
26468,0 days 00:58:41.713000,-1293.0,1004.0,246.0,194.9250112,1,0.22795051987195902,False
26469,0 days 00:58:41.746000,-1314.7078579091194,1006.2558010395672,245.9975859390298,193.0,1,0.24395216241878145,False
26470,0 days 00:58:41.946000,-1370.1379996874518,1011.6376178485731,245.99653501823744,186.0,1,0.28267990462210657,False
26471,0 days 00:58:42.073000,-1416.0,1016.0,246.0,180.92000768,1,0.3194477934014012,False
26472,0 days 00:58:42.346000,-1612.875166945842,1035.582836806843,246.00052487595028,170.0,1,0.4031878282507161,False
26473,0 days 00:58:42.353000,-1617.0,1036.0,246.0,169.8250048,1,0.43978600454008715,False
26474,0 days 00:58:42.586000,-1695.006943811025,1044.1684686988212,245.96312982569916,164.0,1,0.4991015456544914,False
26475,0 days 00:58:42.773000,-1742.0,1049.0,246.0,156.9874976,1,0.5680603800351379,True
26476,0 days 00:58:42.826000,-1761.9375218997068,1050.9425616867873,246.03388105266495,155.0,1,0.5848371719351657,True
26477,0 days 00:58:42.993000,-1836.0,1058.0,246.0,150.8250048,1,0.6856316463120518,True
26478,0 days 00:58:43.146000,-1899.4930858315236,1063.938145371349,245.30303325395514,147.0,1,0.7816323793494698,True
26479,0 days 00:58:43.233000,-1934.0,1067.0,245.0,144.2035776,1,0.8520582450527041,True
26480,0 days 00:58:43.393000,-1996.0,1072.0,245.0,139.06072045714285,1,0.9735419441726252,True
26481,0 days 00:58:43.426000,-2008.6655698123657,1072.9187307816671,245.01125538926894,138.0,1,1.0230707662332392,True
26482,0 days 00:58:43.653000,-2095.0,1078.0,245.0,131.6156232,1,1.2383618908807381,True
26483,0 days 00:58:43.746000,-2129.968830064191,1079.2898922228842,244.9982025479156,129.0,1,1.295855804719852,True
26484,0 days 00:58:43.853000,-2169.0,1080.0,245.0,126.3249984,1,1.4083532166162258,True
26485,0 days 00:58:43.893000,-2183.0,1080.0,245.0,125.3249984,1,1.4371883548187607,True
26486,0 days 00:58:43.986000,-2214.91957667602,1079.5093451711903,244.99995083144125,123.0,1,1.5564345869025975,True
26487,0 days 00:58:44.153000,-2269.0,1077.0,245.0,115.34584213333333,1,1.6996600304296878,True
26488,0 days 00:58:44.226000,-2290.6077132547152,1075.2897353362341,245.00000699758743,112.0,1,1.7545613568488563,True
26489,0 days 00:58:44.373000,-2336.0,1070.0,245.0,107.71249813333333,1,1.848106834113477,True
26490,0 days 00:58:44.466000,-2372.2008759893724,1064.601640120398,244.99999544001793,105.0,1,1.9206325435037552,True
26491,0 days 00:58:44.613000,-2429.0,1055.0,245.0,98.5687472,1,2.0129178330724473,True
26492,0 days 00:58:44.626000,-2432.9534233191293,1054.2706053179018,245.0000019453064,98.0,1,2.0411048161589016,True
26493,0 days 00:58:44.786000,-2466.6088272561124,1047.0210650810086,245.00004703266586,95.0,1,2.108662147813688,True
26494,0 days 00:58:45.012000,-2499.0,1033.0,245.0,86.5250048,1,2.1466621679707623,True
26495,0 days 00:58:45.026000,-2501.8631590419054,1031.5723530883286,244.99998487400939,86.0,1,2.174414859507058,True
26496,0 days 00:58:45.273000,-2560.0,999.0,245.0,79.8250048,1,2.235467389342675,True
26497,0 days 00:58:45.346000,-2572.6042833708607,989.4329590512172,245.00050903647198,78.0,1,2.271196078834839,True
26498,0 days 00:58:45.593000,-2599.0,959.0,245.0,72.5968792,1,2.308842254696109,True
26499,0 days 00:58:45.666000,-2605.598113594705,950.005457467679,244.99688482495367,71.0,1,2.330701256949838,True
26500,0 days 00:58:45.893000,-2624.0,913.0,245.0,67.59499904,1,2.351694220895036,True
26501,0 days 00:58:46.066000,-2634.693544895738,864.7202537043884,245.00567406566114,65.0,1,2.3910529584933697,True
26502,0 days 00:58:46.073000,-2635.0,863.0,245.0,64.91277496080248,1,2.390754796758224,True
26503,0 days 00:58:46.387000,-2637.201642715608,820.1912584109336,244.1974989659685,61.0,1,2.4047780956055083,True
26504,0 days 00:58:46.513000,-2634.0,805.0,244.0,58.90000213333333,1,2.412612506520821,True
26505,0 days 00:58:46.627000,-2629.833190740127,787.2777806877929,244.00093745407082,57.0,1,2.411638898793045,True
26506,0 days 00:58:46.673000,-2628.0,780.0,244.0,57.1437496,1,2.425173331252598,True
26507,0 days 00:58:46.793000,-2623.0,762.0,244.0,57.5187496,1,2.4257952132526026,True
26508,0 days 00:58:46.947000,-2615.1606130977293,739.6264714011414,244.66212908514166,58.0,1,2.4023701080891224,True
26509,0 days 00:58:47.033000,-2609.0,726.0,245.0,58.7166656,1,2.4285231674827465,True
26510,0 days 00:58:47.187000,-2593.556101357801,697.9066255209468,245.05969041936117,60.0,1,2.413140264167397,True
26511,0 days 00:58:47.333000,-2578.0,673.0,245.0,61.467337497941706,1,2.4179358978224763,True
26512,0 days 00:58:47.386000,-2573.1197953176684,665.7709068145922,245.07159026187014,62.0,1,2.362754153538524,True
26513,0 days 00:58:47.653000,-2550.0,637.0,246.0,65.70833422222222,1,2.342515058567512,True
26514,0 days 00:58:47.746000,-2538.9128127432787,624.6281362758267,246.40315291209055,67.0,1,2.311722256708531,True
26515,0 days 00:58:47.933000,-2513.0,598.0,247.0,69.80500096,1,2.262615270422814,True
26516,0 days 00:58:47.946000,-2511.1904272111387,596.3353558076499,247.00886668250706,70.0,1,2.250735710968723,True
26517,0 days 00:58:48.133000,-2482.0,572.0,247.0,73.33928685714285,1,2.1794506912468132,True
26518,0 days 00:58:48.226000,-2460.2346683137234,554.2975952081717,247.46062923252742,75.0,1,2.11157672926498,True
26519,0 days 00:58:48.313000,-2440.0,538.0,248.0,76.553568,1,2.064136005895184,True
26520,0 days 00:58:48.506000,-2412.2195111170236,516.8523038156985,248.7501810507944,80.0,1,1.9658895113334445,True
26521,0 days 00:58:48.653000,-2393.0,504.0,249.0,82.00454632727272,1,1.9454020197103812,True
26522,0 days 00:58:48.933000,-2338.0,470.0,249.0,85.82272814545455,1,1.7660370949083468,True
26523,0 days 00:58:48.946000,-2335.275006791947,468.47245548959984,248.99859253467255,86.0,1,1.7228352505449913,True
26524,0 days 00:58:49.093000,-2304.0,452.0,249.0,89.6750016,1,1.6277297416513996,True
26525,0 days 00:58:49.106000,-2301.118893890406,450.5460578353719,249.0002671230457,90.0,1,1.6275509488117597,True
26526,0 days 00:58:49.293000,-2258.0,429.0,249.0,92.97500101818181,1,1.5269951407074123,True
26527,0 days 00:58:49.473000,-2217.0,406.0,249.0,95.83863330909091,1,1.4181208627841138,True
26528,0 days 00:58:49.546000,-2200.4829278911598,395.7849417752665,248.99806101053758,97.0,1,1.391793906845666,True
26529,0 days 00:58:49.653000,-2176.0,380.0,249.0,99.14000128,1,1.3137452956036193,True
26530,0 days 00:58:49.746000,-2154.023845325043,365.71363412025744,249.01594303389447,101.0,1,1.2615069870548559,True
26531,0 days 00:58:49.833000,-2133.0,352.0,249.0,103.1749952,1,1.1862589832933585,True
26532,0 days 00:58:49.946000,-2105.1968209628412,333.8519931167262,248.8764510001333,106.0,1,1.172186802539832,True
26533,0 days 00:58:50.093000,-2068.0,310.0,249.0,109.6750016,1,1.1275599103255443,True
26534,0 days 00:58:50.106000,-2064.6418663754303,307.8991933562948,249.05716061390075,110.0,1,1.0989131594649044,True
26535,0 days 00:58:50.253000,-2026.0,284.0,250.0,110.0,1,1.0935691187262615,True
26536,0 days 00:58:50.266000,-2022.5428289182955,281.8308372702225,250.0687296419615,110.0,1,1.0424253479360255,True
26537,0 days 00:58:50.466000,-1968.6415143661814,247.19825494643538,250.60387119678262,116.0,1,1.0272837658769858,True
26538,0 days 00:58:50.573000,-1939.0,229.0,251.0,117.14642925714286,1,0.8913027919513986,True
26539,0 days 00:58:50.733000,-1893.0,203.0,252.0,118.86071497142858,1,0.8863548122609323,True
26540,0 days 00:58:50.746000,-1889.0805951927334,200.89890926138224,252.07266160321177,119.0,1,0.8600421747878984,True
26541,0 days 00:58:51.026000,-1800.8631131705713,157.47195097587198,252.96805283885777,118.0,1,0.858074672891443,True
26542,0 days 00:58:51.053000,-1793.0,154.0,253.0,117.77499946666667,1,0.8606134632842144,True
26543,0 days 00:58:51.273000,-1733.0,131.0,253.0,115.94166826666667,2,0.8425496593018812,True
26544,0 days 00:58:51.386000,-1698.7011918062124,120.86889930652741,252.92778886536152,115.0,2,0.8346786131098527,True
26545,0 days 00:58:51.472000,-1672.0,114.0,253.0,114.35500096,2,0.821466867204016,True
26546,0 days 00:58:51.732000,-1592.0,98.0,254.0,112.40500096,2,0.8246873666778801,True
26547,0 days 00:58:51.786000,-1573.4064744718871,94.97340784770206,254.0512951148648,112.0,2,0.798777869726238,True
26548,0 days 00:58:51.893000,-1536.0,90.0,254.0,111.1083328,2,0.7843382266269614,True
26549,0 days 00:58:52.193000,-1448.0,92.0,254.0,108.60833493333334,2,0.7526477633745868,True
26550,0 days 00:58:52.266000,-1427.450401873517,94.63289812740113,254.00302712293453,108.0,2,0.7304172125187002,True
26551,0 days 00:58:52.493000,-1363.0,106.0,254.0,107.43249984,2,0.6799898803663527,True
26552,0 days 00:58:52.666000,-1312.906477637719,116.20970803255427,254.001024974899,107.0,2,0.6562756744990627,True
26553,0 days 00:58:52.693000,-1305.0,118.0,254.0,107.22406698066509,2,0.6286132266238895,True
26554,0 days 00:58:52.853000,-1258.0,130.0,254.0,108.55186816315171,2,0.6008263089560882,True
26555,0 days 00:58:52.907000,-1242.4657132696223,134.65912503580037,254.01611954532305,109.0,2,0.5700426646259265,True
26556,0 days 00:58:52.933000,-1235.0,137.0,254.0,109.0,2,0.5608137482142004,True
26557,0 days 00:58:53.067000,-1196.2457419477034,149.96848119008575,253.49815016388763,109.0,2,0.5175388334185407,True
26558,0 days 00:58:53.193000,-1160.0,163.0,253.0,110.04999893333333,2,0.4783014618478824,False
26559,0 days 00:58:53.307000,-1127.8363547168285,175.0741670448053,253.00476423363136,111.0,2,0.443044496959802,False
26560,0 days 00:58:53.393000,-1103.0,185.0,253.0,111.3583328,2,0.4113260632974989,False
26561,0 days 00:58:53.547000,-1055.655208579231,205.61292590726705,252.4728467349464,112.0,2,0.35981344395119896,False
26562,0 days 00:58:53.693000,-1018.0,223.0,252.0,112.40555591111111,2,0.31052513104078966,False
26563,0 days 00:58:53.833000,-993.0,235.0,252.0,112.7944440888889,2,0.28135276233620954,False
26564,0 days 00:58:53.907000,-973.2483349586249,244.32147712637737,251.88295566554328,113.0,2,0.25300215396253417,False
26565,0 days 00:58:54.066000,-915.6890222613675,271.1923285146676,251.25022848332972,113.0,2,0.2011358310541321,False
26566,0 days 00:58:54.113000,-899.0,279.0,251.0,113.23499904,2,0.17210112235241268,False
26567,0 days 00:58:54.266000,-848.5370831652065,302.7130617887202,250.0098612879211,114.0,2,0.11171992875151329,False
26568,0 days 00:58:54.466000,-792.283997544573,329.3546215944,248.51954876362518,115.0,2,0.054417946320471776,False
26569,0 days 00:58:54.553000,-772.0,339.0,248.0,115.0,2,0.029193982474177576,False
26570,0 days 00:58:54.746000,-735.984480737268,356.2148826485072,247.17870236243823,115.0,2,-0.007852863037730386,False
26571,0 days 00:58:54.893000,-703.0,372.0,247.0,114.0812496,2,-0.043258015672747056,False
26572,0 days 00:58:54.906000,-699.3898574023854,373.7252783574336,247.007475213178,114.0,2,-0.05813098306880382,False
26573,0 days 00:58:54.973000,-680.0,383.0,247.0,113.72083306666667,2,-0.09085402223373815,False
26574,0 days 00:58:55.146000,-634.3152187433255,405.0584139908439,245.25551640041195,113.0,2,-0.125437034553783,False
26575,0 days 00:58:55.173000,-624.0,410.0,245.0,112.7107136,2,-0.15180517390259476,False
26576,0 days 00:58:55.426000,-532.1373262445674,453.6177830269777,244.07732111317716,110.0,2,-0.22076619433722916,False
26577,0 days 00:58:55.453000,-546.0,447.0,244.0,109.7107136,2,-0.22434446170664019,False
26578,0 days 00:58:55.706000,-882.4712598644619,287.79027685622697,243.0519873205252,107.0,2,-0.017195912241861667,False
26579,0 days 00:58:55.733000,-900.0,280.0,243.0,106.8312496,2,-0.026849780760422857,False
26580,0 days 00:58:55.866000,-882.3244947018916,292.1704462710634,242.9725334965814,106.0,2,-0.04672311985150951,False
26581,0 days 00:58:55.933000,-848.0,306.0,243.0,105.32999936,2,-0.11016755594330647,False
26582,0 days 00:58:56.066000,-782.4796917358377,317.8623780775072,243.00516736923908,104.0,2,-0.11618276164114821,False
26583,0 days 00:58:56.133000,-757.0,320.0,243.0,102.80357028571429,2,-0.14667832396543087,False
26584,0 days 00:58:56.346000,-725.3853116104445,321.3646492522403,242.99771490592317,99.0,2,-0.1541309529409404,False
26585,0 days 00:58:56.493000,-695.0,321.0,243.0,97.1624992,2,-0.15533578098486214,False
26586,0 days 00:58:56.506000,-690.4202776613458,321.0207236550067,243.00009589534443,97.0,2,-0.18857845603725348,False
26587,0 days 00:58:56.666000,-616.0647844306693,321.8132686042369,243.0000933242503,97.0,2,-0.170698778549018,False
26588,0 days 00:58:56.713000,-598.0,322.0,243.0,96.1187536,2,-0.17846244988930407,False
26589,0 days 00:58:56.986000,-557.970955340603,321.9356534334222,242.99997790069793,91.0,2,-0.18235813011375518,False
26590,0 days 00:58:57.053000,-548.0,322.0,243.0,89.7437488,2,-0.18129317903574552,False
26591,0 days 00:58:57.293000,-489.0,323.0,243.0,85.2437488,2,-0.16561606515983338,False
26592,0 days 00:58:57.306000,-485.73687247300063,323.06727209712125,242.999999536009,85.0,2,-0.16704559745584321,False
26593,0 days 00:58:57.506000,-439.51207151328276,323.98427083791466,242.9999999475469,82.0,2,-0.15727872040020616,False
26594,0 days 00:58:57.513000,-438.0,324.0,243.0,81.93000192,2,-0.15615381151138039,False
26595,0 days 00:58:57.706000,-397.30781265874316,323.96216210555554,243.00000011339586,80.0,2,-0.14556839619316916,False
26596,0 days 00:58:57.773000,-380.0,324.0,243.0,78.99499904,2,-0.1528597610324244,False
26597,0 days 00:58:57.906000,-337.4599685663429,324.39488963178525,242.9999999533605,77.0,2,-0.1368385048107939,False
26598,0 days 00:58:58.032000,-299.0,325.0,243.0,76.2125008,2,-0.12907207709148086,False
26599,0 days 00:58:58.226000,-264.7391285310265,326.07963248691794,243.00000001317258,75.0,2,-0.11833899319518328,False
26600,0 days 00:58:58.413000,-240.0,327.0,243.0,75.42500014545455,2,-0.11567679238580549,False
26601,0 days 00:58:58.653000,-189.0,328.0,243.0,75.9704546909091,2,-0.0940842226874284,False
26602,0 days 00:58:58.666000,-185.20528261131085,328.1044224570875,243.0000000000621,76.0,2,-0.08636077044129402,False
26603,0 days 00:58:58.853000,-126.0,330.0,243.0,76.46750016,2,-0.08410395757577827,False
26604,0 days 00:58:59.066000,-94.5029494560622,330.8837221574989,242.99999999998482,77.0,2,-0.09524299812419906,False
26605,0 days 00:58:59.133000,-91.0,331.0,243.0,77.0,2,-0.07845068853634654,False
26606,0 days 00:58:59.347000,-49.00136484579856,331.9133045477911,243.00000000000014,77.0,2,-0.07644700595643127,False
26607,0 days 00:58:59.353000,-44.0,332.0,243.0,76.97000064,2,-0.05349216059537388,False
26608,0 days 00:58:59.547000,256.4304615675637,336.98827861194195,242.99999999999918,76.0,2,-0.03997526286431007,False
26609,0 days 00:58:59.653000,387.0,339.0,243.0,75.46999936,2,-0.05427038182264337,False
26610,0 days 00:58:59.747000,423.20043358538663,339.3460755617357,243.00000000000014,75.0,2,-0.05863272602462939,False
26611,0 days 00:58:59.853000,424.0,339.0,243.0,73.6749984,2,-0.046390614331387726,False
26612,0 days 00:59:00.067000,466.66306600687795,338.99542317840485,242.99999999999991,71.0,2,-0.07826006488698856,False
26613,0 days 00:59:00.073000,468.0,339.0,243.0,70.93571565714285,2,-0.08459177132533299,False
26614,0 days 00:59:00.293000,511.0,339.0,243.0,68.57857005714285,2,-0.08265905397012412,False
26615,0 days 00:59:00.347000,519.4582912876801,338.81446550920623,243.0,68.0,2,-0.09397868412118443,False
26616,0 days 00:59:00.473000,545.0,339.0,243.0,66.59610195501247,2,-0.055743336444742546,False
26617,0 days 00:59:00.693000,642.0,346.0,243.0,64.14484605774332,2,-0.11692351657301256,False
26618,0 days 00:59:00.706000,646.8874878672385,346.53353490276584,242.99999999999997,64.0,2,-0.24310246215063952,False
26619,0 days 00:59:01.026000,713.8809158670753,361.6320803165422,242.99999999999997,62.0,2,-0.3127301030138384,False
26620,0 days 00:59:01.033000,715.0,362.0,243.0,61.87500342857143,2,-0.31060433534943604,False
26621,0 days 00:59:01.306000,759.2107243490219,377.5095478308171,243.0,57.0,2,-0.3508131880323753,False
26622,0 days 00:59:01.506000,786.1064245583494,387.82751551783053,243.0,56.0,2,-0.3762183857799134,False
26623,0 days 00:59:01.533000,789.0,389.0,243.0,55.774999466666664,2,-0.38800952503061376,False
26624,0 days 00:59:01.746000,805.9519710620807,396.49084780581956,243.0,54.0,2,-0.41250743700584264,False
26625,0 days 00:59:01.893000,819.0,402.0,243.0,52.1624992,2,0.0,False
26626,0 days 00:59:01.906000,820.4288015225653,402.5650430316186,243.0,52.0,2,0.0,False
26627,0 days 00:59:02.106000,846.7917911390084,412.56523393536196,243.0,51.0,2,0.0,False
26628,0 days 00:59:02.153000,853.0,415.0,243.0,50.60833493333333,2,0.0,False
26629,0 days 00:59:02.313000,874.0,423.0,243.0,49.2750016,2,0.0,False
26630,0 days 00:59:02.346000,879.19585429539,424.506291253698,242.99999999999997,49.0,2,0.0,False
26631,0 days 00:59:02.593000,923.0,433.0,243.0,48.11785782857143,2,0.0,False
26632,0 days 00:59:02.626000,927.4783272222415,433.5324001953413,243.0,48.0,2,0.0,False
26633,0 days 00:59:02.973000,959.0,431.0,243.0,48.96388906666667,2,0.0,False
26634,0 days 00:59:02.986000,960.5023210742501,430.7163662160212,243.0,49.0,2,0.0,False
26635,0 days 00:59:03.113000,978.0,427.0,243.0,50.5874976,2,0.0,False
26636,0 days 00:59:03.373000,1027.0,412.0,243.0,53.8375008,2,0.0,False
26637,0 days 00:59:03.386000,1028.9751254304479,411.340543000841,243.00000000000006,54.0,2,0.0,False
26638,0 days 00:59:03.626000,1054.516701206016,402.10772024771643,243.0,58.0,2,0.0,False
26639,0 days 00:59:03.693000,1063.0,399.0,243.0,58.95714377142857,2,0.0,False
26640,0 days 00:59:03.853000,1088.0,390.0,243.0,61.242858057142854,2,0.0,False
26641,0 days 00:59:03.906000,1095.1916710850812,387.3794082600063,242.99999999999994,62.0,2,0.0,False
26642,0 days 00:59:04.106000,1116.3309471716555,379.1277963763837,243.0,64.0,2,0.0,False
26643,0 days 00:59:04.253000,1152.0,362.0,243.0,64.0,2,0.0,False
26644,0 days 00:59:04.386000,1206.6880701918312,334.7181492060187,243.0,64.0,2,0.0,False
26645,0 days 00:59:04.453000,1230.0,323.0,243.0,65.6750016,2,0.0,False
26646,0 days 00:59:04.546000,1249.0174062045992,313.38128990872576,242.99999999999997,68.0,2,0.0,False
26647,0 days 00:59:04.706000,1255.258162081674,309.7727165254441,242.99999999999997,71.0,2,0.0,False
26648,0 days 00:59:04.792000,1265.0,304.0,243.0,71.7166656,2,0.0,False
26649,0 days 00:59:04.913000,1289.0,290.0,243.0,72.7249984,2,0.0,False
26650,0 days 00:59:05.066000,1316.1884467680923,273.8767172729584,242.99999999999997,74.0,2,0.0,False
26651,0 days 00:59:05.093000,1321.0,271.0,243.0,74.482144,2,0.0,False
26652,0 days 00:59:05.346000,1371.0801305382188,240.9044587398638,243.0,79.0,2,0.0,False
26653,0 days 00:59:05.493000,1399.0,224.0,243.0,79.52500022857143,2,0.0,False
26654,0 days 00:59:05.626000,1421.1564358618348,210.4862782840182,243.00000000000003,80.0,2,0.0,False
26655,0 days 00:59:05.813000,1452.0,192.0,243.0,80.0,2,0.0,False
26656,0 days 00:59:05.826000,1454.3934609556754,190.60544826403762,243.0,80.0,2,0.0,False
26657,0 days 00:59:05.973000,1483.0,174.0,243.0,80.0,2,0.0,False
26658,0 days 00:59:05.987000,1485.721123025066,172.37549147906213,242.99999999999994,80.0,2,0.0,False
26659,0 days 00:59:06.253000,1536.0,141.0,243.0,80.0,2,0.0,False
26660,0 days 00:59:06.307000,1546.0924621194351,134.7458397938587,242.99999999999997,80.0,2,0.0,False
26661,0 days 00:59:06.413000,1567.0,122.0,243.0,80.0,2,0.0,False
26662,0 days 00:59:06.467000,1579.104011973002,114.74867657808089,243.0,80.0,2,0.0,False
26663,0 days 00:59:06.613000,1614.0,94.0,243.0,80.0,2,0.0,False
26664,0 days 00:59:06.715000,1635.926114634754,80.77719956924808,242.99999999999997,80.0,2,0.0,False
